hotel_id,hotel_name,rating,location,outdoors,ski,activities,food_and_drink,internet,parking,languages_spoken,wellness,outdoor_swimming_pool,spa
apart-in-center-by-seva,Soma Apart-hotel in Center by Seva,9.6,Yerevan,Outdoor furniture | Outdoor dining area | Garden view | Terrace | Picnic area | BBQ facilities,Doesn't have,Doesn't have,Tea/Coffee maker | Barbecue | Grocery deliveries,Free WiFi | In all areas,Free on-site parking,German | English | French | Russian,Doesn't have,Doesn't have,Doesn't have
lux-plaza-parakar12,Lux Plaza Hotel EVN airport,8.3,Arbatʼ,Outdoor furniture | Outdoor dining area | Garden view | Picnic area | BBQ facilities,Doesn't have,Doesn't have,Tea/Coffee maker | Minibar | Restaurant | Bar | Fruit | Wine/Champagne | Kid-friendly buffet | Kids' meals | Special diet meals (on request) | Breakfast in the room,Free WiFi | In all areas,Free on-site parking,English | Russian,Doesn't have,Doesn't have,Doesn't have
artanish-beach-resort,Sevan - Artanish Beach Resort,8.8,Artanish,Terrace | Outdoor furniture | Outdoor dining area | Garden view | Picnic area | BBQ facilities,Doesn't have,Doesn't have,Tea/Coffee maker | Barbecue | Restaurant | Bar | Wine/Champagne,Free WiFi | In all areas,Free on-site parking,English | Armenian | Russian,Doesn't have,Doesn't have,Doesn't have
alpina,"Alpina Resort by Stellar Hotels, Tsaghkadzor",8.5,Tsaghkadzor,Balcony | Garden view | Picnic area | BBQ facilities,Doesn't have,Doesn't have,Tea/Coffee maker | Minibar | Barbecue | Restaurant | Bar | Wine/Champagne | Kids' meals | Special diet meals (on request),Free WiFi | In all areas,Free on-site parking,English | Armenian | Russian,Doesn't have,Spa,Spa tub
amberd,Amberd Hotel,9.3,Byurakan,Balcony | Patio | Outdoor furniture | Garden view | Picnic area,Doesn't have,Doesn't have,Tea/Coffee maker | Minibar | Restaurant | Bar | Fruit | Wine/Champagne | Kids' meals | Special diet meals (on request),Free WiFi | In all areas,Free private parking,English | Armenian | Italian | Russian,Doesn't have,2 swimming pools,Doesn't have
shakaryan-rancho,Shakaryan Rancho&Restaurant,9.7,Dsegh,Balcony | Terrace | Outdoor furniture | Outdoor dining area | Garden view | Picnic area,Doesn't have,Doesn't have,Tea/Coffee maker | Minibar | Restaurant | Bar | Coffee house on site | Wine/Champagne | Kid-friendly buffet | Kids' meals | Special diet meals (on request),Free WiFi,Free on-site parking,English | French | Armenian | Russian,Doesn't have,Doesn't have,Doesn't have
concept-by-coaf,Concept Hotel by COAF,9.4,Debed,Terrace | Picnic area | BBQ facilities,Doesn't have,Doesn't have,Tea/Coffee maker | Minibar | Restaurant | Bar | Coffee house on site | Fruit | Kid-friendly buffet | Special diet meals (on request) | Breakfast in the room,Free WiFi | In all areas,Free on-site parking,English | Armenian | Russian,Doesn't have,Doesn't have,Doesn't have
vell-grey,Vell Grey Hotel,8.9,Martuni,Balcony,Doesn't have,Doesn't have,Tea/Coffee maker,Free WiFi | In all areas,Doesn't have,Russian,Doesn't have,Doesn't have,Doesn't have
haghpat,Haghpat Hotel,9.6,Haghpat,Balcony | Terrace | Picnic area | BBQ facilities,Doesn't have,Doesn't have,Restaurant | Coffee house on site | Fruit | Wine/Champagne | Special diet meals (on request) | Breakfast in the room,Free WiFi | In all areas,Free on-site parking,English | Armenian | Russian,Doesn't have,Doesn't have,Doesn't have
major-39-s-house-step-anavan,Major's House Hotel,9.5,Stepʼanavan,Garden view | Balcony | Outdoor furniture | Terrace | Picnic area,Doesn't have,Doesn't have,Wine/Champagne,Free WiFi | In all areas,Free on-site parking,English | Russian,Doesn't have,Doesn't have,Doesn't have
vardanants-megri,VARDANANTS HOTEL Meghri,9.2,Meghri,Balcony | Garden view,Doesn't have,Doesn't have,Tea/Coffee maker | Minibar | Restaurant | Bar,Free WiFi | In all areas,Free on-site parking,German | English | Russian,Doesn't have,Doesn't have,Doesn't have
ayg-hyuranoc,Ayg Hotel and Sport Complex Ararat,6.9,Ararat,Balcony | Patio | Terrace | Outdoor furniture | Outdoor dining area | Garden view | Picnic area | BBQ facilities,Doesn't have,Doesn't have,Tea/Coffee maker | Barbecue,Free WiFi | In all areas,Free on-site parking,English | French | Armenian | Russian,Doesn't have,Indoor swimming pool,Doesn't have
araks-gyumri,Araks Hotel Complex,8.8,Gyumri,Picnic area | BBQ facilities,Doesn't have,Doesn't have,Minibar | Restaurant | Bar | Coffee house on site | Fruit | Wine/Champagne | Special diet meals (on request) | Breakfast in the room,Free WiFi,Free on-site parking,English | Russian,Doesn't have,Indoor swimming pool,Doesn't have
h-resort-vagharshapat12,H Resort Hotel Vagharshapat Armenia,9.0,Vagharshapat,Balcony,Doesn't have,Doesn't have,Tea/Coffee maker | Restaurant | Bar | Coffee house on site | Wine/Champagne | Kids' meals | Breakfast in the room,Free WiFi | In all areas,Free private parking,English | Armenian | Russian,Doesn't have,Doesn't have,Doesn't have
eighty-eight-and-spa,Eighty Eight Deluxe Hotel & Spa,8.4,Tsaghkadzor,Balcony | Picnic area,Doesn't have,Doesn't have,Tea/Coffee maker | Minibar | Restaurant | Restaurant | Restaurant | Bar | Coffee house on site | Fruit | Wine/Champagne | Kids' meals | Special diet meals (on request) | Snack bar,Free WiFi | In all areas,Free on-site parking,English | Armenian | Russian,Hot tub,Indoor swimming pool,Spa tub
altitude-1900-dive-resort-chambarak1,Altitude 1900 Dive Resort - Sevan lake,9.3,Chambarak,Terrace | Garden view | Picnic area,Doesn't have,Doesn't have,Restaurant | Bar | Coffee house on site | Wine/Champagne | Breakfast in the room,Free WiFi,Free on-site parking,English | Armenian | Russian,Doesn't have,Doesn't have,Doesn't have
harmonia-garden-garni,Harmonia Garden Hotel&Gastroyard,9.2,Garni,Patio | Terrace | Outdoor furniture | Outdoor dining area | Garden view | Picnic area,Doesn't have,Doesn't have,Tea/Coffee maker | Barbecue | Restaurant | Bar | Coffee house on site | Fruit | Wine/Champagne | Kid-friendly buffet,Free WiFi,Free on-site parking,English | Armenian | Russian,Doesn't have,Doesn't have,Doesn't have
nordar,NorDar,9.6,Garni,Terrace | Garden view | Balcony | BBQ facilities,Doesn't have,Doesn't have,Tea/Coffee maker | Restaurant | Bar | Coffee house on site | Fruit | Wine/Champagne,Free WiFi | In all areas,Free on-site parking,English | Armenian | Russian,Doesn't have,Outdoor swimming pool,Doesn't have
madin-eco,Madin Eco Hotel,9.1,Debed,Garden view | Picnic area | BBQ facilities,Doesn't have,Doesn't have,Tea/Coffee maker | Restaurant | Wine/Champagne,Free WiFi | In all areas,Free on-site parking,English | Armenian | Russian,Doesn't have,Doesn't have,Doesn't have
richmind,Richmind Hotel,9.1,Vagharshapat,Garden view | Picnic area,Doesn't have,Doesn't have,Tea/Coffee maker | Restaurant | Bar | Fruit | Wine/Champagne | Kid-friendly buffet | Kids' meals | Special diet meals (on request) | Breakfast in the room,Free WiFi | In all areas,Free on-site parking,English | Armenian | Russian,Doesn't have,Doesn't have,Doesn't have
homma-village-house,Homma Aparan with Superpool,9.9,Aparan,Balcony | Patio | Terrace | Outdoor furniture | Outdoor dining area | Garden view | Picnic area | BBQ facilities,Doesn't have,Doesn't have,Tea/Coffee maker | Minibar | Barbecue | Restaurant | Bar | Coffee house on site | Fruit | Wine/Champagne | Special diet meals (on request),Free WiFi | In all areas,Free on-site parking,English | Armenian | Russian,Sauna,Indoor swimming pool,Doesn't have
flamenco,Flamenco Hotel,9.2,Sisian,Balcony,Doesn't have,Doesn't have,Tea/Coffee maker | Restaurant | Bar | Coffee house on site | Fruit | Wine/Champagne | Special diet meals (on request),Free WiFi,Doesn't have,English | Armenian | Russian,Doesn't have,Doesn't have,Doesn't have
eco-lodge-caucasus-wildlife-refuge,EcoLodge in Wildlife Refuge,8.4,Urtsʼadzor,Balcony | Patio | Terrace | Outdoor furniture | Outdoor dining area | Garden view | Picnic area | BBQ facilities,Doesn't have,Doesn't have,Barbecue | Fruit | Wine/Champagne | Kids' meals | Special diet meals (on request) | Breakfast in the room,Free WiFi | In all areas,Free on-site parking,English | Armenian | Russian,Doesn't have,Outdoor swimming pool,Doesn't have
machanents-art,Machanents Art Hotel,9.3,Vagharshapat,Outdoor dining area | Picnic area,Doesn't have,Doesn't have,Tea/Coffee maker | Restaurant | Bar | Coffee house on site | Fruit | Wine/Champagne | Kids' meals | Special diet meals (on request) | Breakfast in the room,Free WiFi | In all areas,Free parking,English | Armenian | Russian,Doesn't have,Doesn't have,Doesn't have
amroc-hyowranots-amrots,Amroc Hotel - Հյուրանոց Ամրոց,9.4,Noyemberyan,Balcony | Patio | Outdoor dining area | Terrace | Picnic area,Doesn't have,Doesn't have,Tea/Coffee maker | Minibar | Restaurant | Wine/Champagne | Kid-friendly buffet | Special diet meals (on request) | Breakfast in the room,Free WiFi | In all areas,Free on-site parking,English | Armenian | Georgian | Russian,Doesn't have,Doesn't have,Doesn't have
sim-plaza-vagarshapat3,Sim Plaza Hotel,9.5,Ejmiatsin,Balcony | Terrace | Garden view,Doesn't have,Doesn't have,Restaurant | Bar,Doesn't have,Free on-site parking,English | Armenian | Russian,Doesn't have,Doesn't have,Doesn't have
hyuga,Hyuga,9.7,Dsegh,Balcony | Terrace | Garden view,Doesn't have,Doesn't have,Tea/Coffee maker | Minibar | Restaurant | Bar | Coffee house on site | Breakfast in the room,Free WiFi | In all areas,Free on-site parking,English | Armenian | Russian,Doesn't have,Doesn't have,Doesn't have
noyemburg,NoyemBurg hotel,9.6,Noyemberyan,Doesn't have,Doesn't have,Doesn't have,Doesn't have,Doesn't have,Free on-site parking,Russian,Doesn't have,Doesn't have,Doesn't have
basen-goris,Hotel Basen,9.4,Sisian,Balcony | Outdoor furniture,Doesn't have,Doesn't have,Restaurant | Bar | Fruit | Wine/Champagne | Special diet meals (on request),Free WiFi,Free on-site parking,English | Spanish | Russian,Doesn't have,Doesn't have,Doesn't have
yerak,Yerak hotel,9.0,Lalvar,Balcony,Doesn't have,Doesn't have,Tea/Coffee maker,Free WiFi | In all areas,Free private parking,English | Armenian | Russian,Doesn't have,Doesn't have,Doesn't have
narek-talin,Narek Hotel,9.0,Talish,Garden view | Picnic area,Doesn't have,Doesn't have,Restaurant,Free WiFi | In all areas,Free on-site parking,Russian,Doesn't have,Outdoor swimming pool,Spa tub
kaghni,Kaghni Hotel,9.2,Dsegh,Terrace | Outdoor furniture | Outdoor dining area | Balcony | Patio | Picnic area,Doesn't have,Doesn't have,Minibar | Coffee house on site | Fruit | Wine/Champagne | Kid-friendly buffet | Kids' meals | Special diet meals (on request),Free WiFi | In all areas,Free on-site parking,English | Armenian | Russian,Hot tub,Doesn't have,Doesn't have
aristo-boutique,Aristo Boutique Hotel,8.8,Artashat,Garden view,Doesn't have,Doesn't have,Minibar | Wine/Champagne,Free WiFi | In all areas,Free on-site parking,English | Armenian | Russian,Doesn't have,Doesn't have,Doesn't have
byurakan-guesthouse,Byurakan Guesthouse & Cottage,9.1,Byurakan,Balcony | Garden view | Picnic area | BBQ facilities,Doesn't have,Doesn't have,Tea/Coffee maker,Free WiFi | In all areas,Free on-site parking,Armenian | Russian,Doesn't have,Doesn't have,Doesn't have
terminal-1,Terminal 1,9.3,Pʼarakʼar,Terrace | Garden view,Doesn't have,Doesn't have,Tea/Coffee maker | Bar,Free WiFi | In all areas,Free on-site parking,English | Russian,Doesn't have,Doesn't have,Doesn't have
lost-in-sky,Lost in Sky,9.5,Yenokavan,Balcony | Patio | Terrace,Doesn't have,Doesn't have,Tea/Coffee maker | Minibar | Restaurant | Restaurant | Bar | Coffee house on site | Fruit | Wine/Champagne | Breakfast in the room,Doesn't have,Free on-site parking,English | Armenian | Russian,Doesn't have,Doesn't have,Doesn't have
prestige-marneuli,Prestige Hotel,9.4,Lalvar,Balcony | Terrace,Doesn't have,Doesn't have,Tea/Coffee maker | Bar,Free WiFi | In all areas,Free on-site parking,English | Armenian | Russian,Doesn't have,Doesn't have,Doesn't have
verona-resort,Jermuk Verona Resort,8.6,Jermuk,Garden view | Balcony | Terrace,Doesn't have,Doesn't have,Tea/Coffee maker | Restaurant | Bar | Coffee house on site | Fruit | Wine/Champagne | Special diet meals (on request),Free WiFi | In all areas,Free on-site parking,English | Russian,Doesn't have,Doesn't have,Doesn't have
v-amp-v-cottage-village,V&V Hotel,9.4,Gyulagarak,Patio | Terrace | Outdoor furniture | Outdoor dining area | Garden view | Balcony | Picnic area,Doesn't have,Doesn't have,Tea/Coffee maker | Minibar | Barbecue | Restaurant | Bar | Coffee house on site | Wine/Champagne,Free WiFi | In all areas,Free on-site parking,English | Armenian | Russian,Sauna,Pool  – outdoor (kids),Doesn't have
nur-toon,NUR TOON,9.5,Areni,Balcony | Terrace | Garden view,Doesn't have,Doesn't have,Bar | Wine/Champagne,Free WiFi,Free on-site parking,English | Armenian | Russian,Doesn't have,Doesn't have,Doesn't have
sunny-village,Sunny Village Hotel,9.8,Haghpat,Terrace | Balcony,Doesn't have,Doesn't have,Tea/Coffee maker | Restaurant | Bar,Free WiFi | In all areas,Free on-site parking,English | Russian,Doesn't have,Outdoor swimming pool,Doesn't have
hovit-bagratashen,Hotel Hovit,9.1,Bagratashen,Doesn't have,Doesn't have,Doesn't have,Doesn't have,Free WiFi,Free on-site parking,Armenian | Russian,Doesn't have,Doesn't have,Doesn't have
avan-dzoraget-hotel,Tufenkian Avan Dzoraget Hotel,9.2,Dzoraget,Balcony | Terrace | Garden view,Doesn't have,Doesn't have,Tea/Coffee maker | Restaurant | Bar | Wine/Champagne | Special diet meals (on request),Free WiFi,Free on-site parking,English | Armenian | Russian,Doesn't have,Indoor swimming pool,Doesn't have
lalaner,Lalaner Hotel,8.6,Sisian,Doesn't have,Doesn't have,Doesn't have,Restaurant | Bar,Free WiFi | In all areas,Free on-site parking,English | Russian,Hot tub,Spa | Fitness center,Doesn't have
sirik-mayraqaxaqayin-1072,Sirik hotel,6.6,Zvartnots International Airport,Terrace,Doesn't have,Doesn't have,Tea/Coffee maker,Free WiFi | In all areas,Doesn't have,English | Russian,Doesn't have,Doesn't have,Doesn't have
radisson-hotel-spa-gyumri,Radisson Hotel & Spa Gyumri,9.3,Gyumri,Balcony | Terrace,Doesn't have,Doesn't have,Restaurant | Bar | Fruit | Wine/Champagne | Special diet meals (on request),Free WiFi,Free parking,English | Armenian | Russian,Doesn't have,Indoor swimming pool,Doesn't have
cozy-corner-yerevan7,Cozy Corner,7.0,Yerevan,Doesn't have,Doesn't have,Doesn't have,Tea/Coffee maker,Free WiFi | In all areas,Free on-site parking,English | Russian,Doesn't have,Doesn't have,Doesn't have
stonehenge-amp-restaurant,Stonehenge Hotel & Restaurant,9.4,Tsaghkadzor,Picnic area,Doesn't have,Doesn't have,Tea/Coffee maker | Minibar | Restaurant | Bar | Wine/Champagne | Special diet meals (on request),Free WiFi | In all areas,Free on-site parking,English | Armenian | Russian,Hot tub,Doesn't have,Spa tub
kuma-gyumri,KUMA Hotel Gyumri,9.3,Gyumri,Doesn't have,Doesn't have,Doesn't have,Minibar | Restaurant | Bar | Wine/Champagne | Kids' meals | Special diet meals (on request),Free WiFi | In all areas,Free on-site parking,English | Armenian | Russian,Hot tub,Doesn't have,Doesn't have
escapes-boutique-amp-restaurant,Escapes Boutique Hotel & Restaurant,9.5,Dilijan,Balcony | Terrace | Garden view | BBQ facilities,Doesn't have,Doesn't have,Tea/Coffee maker | Minibar | Restaurant | Bar | Coffee house on site | Wine/Champagne | Kid-friendly buffet | Kids' meals | Special diet meals (on request),Free WiFi | In all areas,Free on-site parking,English | Armenian | Russian,Doesn't have,Doesn't have,Doesn't have
hrazdan-hotel-yerevan,President Hotel by Hrazdan Hotel CJSC,8.7,Yerevan,Garden view | Balcony,Doesn't have,Doesn't have,Tea/Coffee maker | Restaurant | Bar | Fruit | Wine/Champagne | Special diet meals (on request) | Breakfast in the room,Free WiFi | In all areas,Free on-site parking,English | Italian | Russian,Doesn't have,Outdoor swimming pool,Doesn't have
oazis,Oazis,8.8,Noratus,Balcony | Outdoor dining area | Garden view | Picnic area | BBQ facilities,Doesn't have,Doesn't have,Tea/Coffee maker | Barbecue | Restaurant | Bar | Coffee house on site | Fruit | Wine/Champagne | Kid-friendly buffet | Kids' meals | Special diet meals (on request) | Breakfast in the room,Free WiFi | In all areas,Free on-site parking,English | French | Russian,Sauna,Indoor swimming pool,Doesn't have
green-hills-resort,Green Hills Resort,8.6,Hankʼavan,Balcony | Garden view | Terrace | Outdoor dining area | Picnic area | BBQ facilities,Doesn't have,Doesn't have,Tea/Coffee maker | Barbecue | Restaurant | Coffee house on site | Kids' meals,Free WiFi | In all areas,Free on-site parking,English | Armenian | Russian,Doesn't have,Doesn't have,Doesn't have
getup-resort-amp,GetAp Resort Arzni,8.4,Arzni,Balcony | Outdoor dining area | Garden view | Picnic area | BBQ facilities,Doesn't have,Doesn't have,Tea/Coffee maker | Restaurant | Bar | Coffee house on site | Kid-friendly buffet | Special diet meals (on request),Free WiFi | In all areas,Free on-site parking,English | Armenian | Russian,Doesn't have,2 swimming pools,Doesn't have
ketrin-restaurant,Ketrin Hotel Restaurant,9.3,Ayntʼapʼ,Balcony | Terrace | Outdoor dining area | Garden view | Picnic area | BBQ facilities,Doesn't have,Doesn't have,Tea/Coffee maker | Restaurant | Restaurant | Bar | Coffee house on site | Kid-friendly buffet | Kids' meals | Special diet meals (on request) | Snack bar,Free WiFi | In all areas,Free on-site parking,English | Armenian | Russian,Hot tub,Outdoor swimming pool,Spa tub
tsaghkadzor-marriott,Tsaghkadzor Marriott Hotel,8.1,Tsaghkadzor,Balcony | Terrace,Doesn't have,Doesn't have,Tea/Coffee maker | Minibar | Restaurant | Bar | Fruit | Wine/Champagne | Kids' meals | Special diet meals (on request) | Breakfast in the room,Free WiFi,Free on-site parking,English | Russian,Doesn't have,Indoor swimming pool,Doesn't have
byurakan-16-11-boutique-art,Byurakan Boutique Art-Hotel,10.0,Byurakan,Balcony | Patio | Terrace | Outdoor furniture | Garden view | Picnic area | BBQ facilities,Doesn't have,Doesn't have,Tea/Coffee maker | Minibar | Bar | Coffee house on site | Fruit | Wine/Champagne | Breakfast in the room,Free WiFi | In all areas,Free on-site parking,English | Armenian | Russian,Doesn't have,Doesn't have,Doesn't have
aparan-park,Aparan Park,9.6,Zovuni,Terrace | Garden view | Picnic area,Doesn't have,Doesn't have,Tea/Coffee maker | Minibar | Bar,Doesn't have,Free on-site parking,English | Russian,Doesn't have,Doesn't have,Doesn't have
colibri-alaverdi-haghpat,Colibri Hotel,9.5,Haghpat,Balcony | Patio | Terrace | Outdoor furniture | Outdoor dining area | Garden view | Picnic area | BBQ facilities,Doesn't have,Doesn't have,Tea/Coffee maker | Barbecue | Restaurant | Breakfast in the room,Free WiFi | In all areas,Free on-site parking,English | Armenian | Russian,Doesn't have,Outdoor swimming pool,Doesn't have
mounthree,Mounthree,8.7,Pʼambak,Balcony | Terrace | Picnic area,Doesn't have,Doesn't have,Tea/Coffee maker | Minibar | Restaurant | Restaurant | Bar | Coffee house on site | Fruit | Wine/Champagne | Kids' meals | Special diet meals (on request) | Snack bar,Free WiFi | In all areas,Free on-site parking,English | Russian,Hot tub,Indoor swimming pool,Spa tub
ralina-restaurant,Ralina Restaurant and Hotel,4.9,Ararat,Doesn't have,Doesn't have,Doesn't have,Restaurant | Bar | Kids' meals,Free WiFi | In all areas,Free on-site parking,English | Armenian | Russian,Doesn't have,Doesn't have,Doesn't have
davos,Davos Hotel,9.4,Pʼarakʼar,Balcony | Picnic area | BBQ facilities,Doesn't have,Doesn't have,Bar | Kid-friendly buffet | Kids' meals,Free WiFi | In all areas,Free on-site parking,English | Russian,Doesn't have,Outdoor swimming pool,Doesn't have
dream-haghpat,Dream Hotel,8.6,Haghpat,Balcony | Terrace | Garden view,Doesn't have,Doesn't have,Restaurant | Coffee house on site | Wine/Champagne,Free WiFi | In all areas,Free on-site parking,English | Armenian | Russian,Doesn't have,Outdoor swimming pool,Doesn't have
armenia-kadzharan,Armenia,9.4,Nerkʼin Giratʼagh,Doesn't have,Doesn't have,Doesn't have,Minibar | Restaurant | Bar | Coffee house on site | Fruit | Wine/Champagne,Free WiFi | In all areas,Free on-site parking,English | Armenian | Russian,Doesn't have,Doesn't have,Doesn't have
car,King,8.2,Martuni,Doesn't have,Doesn't have,Doesn't have,Doesn't have,Doesn't have,Free on-site parking,English | Russian,Doesn't have,Doesn't have,Doesn't have
olimpia-yerevan,Olympia Garden Hotel,8.7,Yerevan,Garden view | Balcony | Terrace | BBQ facilities,Doesn't have,Doesn't have,Tea/Coffee maker | Restaurant | Bar | Fruit | Wine/Champagne | Special diet meals (on request) | Breakfast in the room,Free WiFi | In all areas,Free on-site parking,German | English | Armenian | Russian,Doesn't have,Outdoor swimming pool,Doesn't have
ramada-suites-by-wyndham-yerevan,Ramada Hotel & Suites by Wyndham Yerevan,9.1,Yerevan,Doesn't have,Doesn't have,Doesn't have,Tea/Coffee maker | Minibar | Restaurant | Restaurant | Bar | Fruit | Wine/Champagne | Kid-friendly buffet | Snack bar,Free WiFi | In all areas,Free on-site parking,English | Armenian | Russian,Doesn't have,Fitness center,Doesn't have
courtyard-by-marriott-yerevan,Courtyard by Marriott Yerevan,9.3,Yerevan,Doesn't have,Doesn't have,Doesn't have,Tea/Coffee maker | Restaurant | Bar | Coffee house on site | Fruit | Wine/Champagne | Kid-friendly buffet | Kids' meals | Snack bar,Free WiFi,Free on-site parking,English | Hindi | Armenian | Russian,Doesn't have,Fitness center,Doesn't have
art-sevan,Art Hotel Sevan,8.9,Sevan,Balcony | Terrace | Outdoor furniture | Outdoor dining area | Garden view | Picnic area | BBQ facilities,Doesn't have,Doesn't have,Tea/Coffee maker | Barbecue | Restaurant | Bar | Coffee house on site | Fruit | Wine/Champagne | Kid-friendly buffet,Doesn't have,Free on-site parking,English | Russian,Doesn't have,Doesn't have,Spa tub
good-yerevan,Good Hotel Yerevan,7.3,Yerevan,Doesn't have,Doesn't have,Doesn't have,Tea/Coffee maker,Free WiFi | In all areas,Free on-site parking,English | Armenian | Russian,Doesn't have,Doesn't have,Doesn't have
sia-resort-and-spa,SIA Resort and SPA,9.1,Tsaghkadzor,Picnic area | BBQ facilities,Doesn't have,Doesn't have,Restaurant | Bar | Fruit | Wine/Champagne | Kid-friendly buffet | Kids' meals | Special diet meals (on request) | Breakfast in the room,Free WiFi | In all areas,Free on-site parking,Arabic | English | Persian | Russian,Doesn't have,2 swimming pools,Doesn't have
apaga-resort,Apaga Resort,8.7,Ijevan,Balcony | Picnic area,Doesn't have,Doesn't have,Tea/Coffee maker | Minibar | Restaurant | Bar | Coffee house on site | Fruit | Wine/Champagne | Kid-friendly buffet | Special diet meals (on request) | Snack bar,Free WiFi,Free on-site parking,English | French | Armenian | Russian,Doesn't have,Doesn't have,Doesn't have
three-rooms,Hotel Three Rooms,8.8,Yerevan,Balcony | Terrace | Terrace,Doesn't have,Doesn't have,Doesn't have,Free WiFi | In all areas,On-site parking,English | Russian,Doesn't have,Doesn't have,Doesn't have
cathedral-plaza,Cathedral Plaza Hotel,10.0,Gyumri,Doesn't have,Doesn't have,Doesn't have,Restaurant,Free WiFi | In all areas,Free private parking,English | Russian,Doesn't have,Doesn't have,Doesn't have
karnel-alaverdi-vsanahin,KARNEL Hotel,7.9,Sanain,Balcony | Outdoor dining area | Garden view | Picnic area | BBQ facilities,Doesn't have,Doesn't have,Tea/Coffee maker | Restaurant | Coffee house on site | Fruit | Wine/Champagne | Kid-friendly buffet,Free WiFi | In all areas,Free on-site parking,English | Armenian | Russian,Doesn't have,Doesn't have,Doesn't have
chamich-guesthouse,Chamich Guesthouse,9.2,Debed,Garden view | Balcony | Picnic area | BBQ facilities,Doesn't have,Doesn't have,Restaurant | Bar | Fruit | Wine/Champagne | Kid-friendly buffet | Kids' meals | Special diet meals (on request) | Breakfast in the room,Free WiFi,Free private parking,English | Armenian | Russian,Doesn't have,Doesn't have,Doesn't have
national,"National by Stellar Hotels, Yerevan",8.3,Yerevan,Doesn't have,Doesn't have,Doesn't have,Minibar | Restaurant | Bar | Breakfast in the room,Free WiFi | In all areas,Doesn't have,English | Armenian | Russian,Doesn't have,Indoor swimming pool,Spa tub
hover,Hover Boutique Hotel,8.2,Dilijan,Balcony | Terrace | Outdoor dining area | Garden view | Picnic area | BBQ facilities,Doesn't have,Doesn't have,Tea/Coffee maker | Restaurant | Bar | Fruit | Wine/Champagne,Free WiFi,Free on-site parking,English | Russian,Hot tub | Sauna,Doesn't have,Doesn't have
ani-maralik,Ani Hotel,9.2,Maralik,Balcony | Terrace,Doesn't have,Doesn't have,Tea/Coffee maker | Bar,Free WiFi | In all areas,Free on-site parking,English | Russian,Doesn't have,Doesn't have,Doesn't have
nairi,Nairi Hotel,8.7,Jermuk,Balcony | Terrace,Doesn't have,Doesn't have,Minibar | Restaurant | Bar,Free WiFi | In all areas,Free on-site parking,Russian,Hot tub,Doesn't have,Spa tub
rafting-house-odzun,Rafting House,8.3,Odzun,Terrace | Picnic area,Doesn't have,Doesn't have,Restaurant,Free WiFi | In all areas,Free on-site parking,English | Armenian | Russian,Doesn't have,Doesn't have,Doesn't have
boulevard,Boulevard Hotel,9.0,Yerevan,Outdoor dining area | Garden view | Balcony | BBQ facilities,Doesn't have,Doesn't have,Tea/Coffee maker | Restaurant | Coffee house on site | Fruit | Wine/Champagne | Kid-friendly buffet | Snack bar,Free WiFi | In all areas,Doesn't have,English | Armenian | Russian,Doesn't have,Doesn't have,Doesn't have
aghababyan-39-s,Aghababyan's Hotel,8.3,Yerevan,Balcony,Doesn't have,Doesn't have,Tea/Coffee maker | Minibar | Restaurant | Bar | Coffee house on site | Fruit | Wine/Champagne | Kid-friendly buffet | Special diet meals (on request) | Breakfast in the room,Free WiFi | In all areas,Free on-site parking,English | Persian | French | Russian,Doesn't have,Indoor swimming pool,Doesn't have
old-ijevan-boutique,Old Ijevan Boutique Hotel,9.3,Ijevan,Balcony | Terrace,Doesn't have,Doesn't have,Tea/Coffee maker | Minibar | Restaurant | Bar | Coffee house on site | Wine/Champagne | Kid-friendly buffet,Free WiFi | In all areas,Free on-site parking,English | Armenian | Russian,Doesn't have,Indoor swimming pool,Doesn't have
royal-plaza,"Royal Plaza by Stellar Hotels, Yerevan",7.8,Yerevan,Balcony | Terrace | Garden view,Doesn't have,Doesn't have,Tea/Coffee maker | Minibar | Restaurant | Bar | Coffee house on site | Wine/Champagne | Kid-friendly buffet | Kids' meals | Special diet meals (on request),Free WiFi | In all areas,Doesn't have,English | French | Russian,Hot tub,Doesn't have,Spa tub
luxe-sevan,Luxury Collection Hotel,10.0,Sevan,Garden view,Doesn't have,Doesn't have,Tea/Coffee maker,Free WiFi,Free on-site parking,German | English | French | Russian | Chinese,Doesn't have,Doesn't have,Doesn't have
sphera-by-stellar-hotels-yerevan,"Sphera by Stellar Hotels, Yerevan",8.9,Yerevan,Balcony | Terrace,Doesn't have,Doesn't have,Minibar | Wine/Champagne,Free WiFi | In all areas,Free on-site parking,English | Armenian | Russian,Doesn't have,Fitness center,Doesn't have
ani-plaza,Ani Plaza Hotel,8.9,Yerevan,Balcony,Doesn't have,Doesn't have,Restaurant | Bar,Free WiFi | In all areas,Free on-site parking,English | Armenian | Russian,Doesn't have,Indoor swimming pool,Doesn't have
sapsanlodgeyeghegis,SapsanLodge,9.9,Artabuynkʼ,Balcony | Terrace | Outdoor furniture | Outdoor dining area | BBQ facilities,Doesn't have,Doesn't have,Tea/Coffee maker | Coffee house on site | Wine/Champagne | Breakfast in the room,Free WiFi | In all areas,Free private parking,English | Russian,Doesn't have,Indoor swimming pool,Doesn't have
noy-land-resort,Noy Land Resort,8.4,Sevan,Balcony | Outdoor dining area | Patio | BBQ facilities,Doesn't have,Doesn't have,Restaurant | Snack bar,Free WiFi | In all areas,Free on-site parking,English | Armenian | Russian,Doesn't have,Outdoor swimming pool,Doesn't have
metropol,METROPOL HOTEL Yerevan,8.7,Yerevan,Doesn't have,Doesn't have,Doesn't have,Restaurant | Bar | Coffee house on site | Fruit | Wine/Champagne | Breakfast in the room,Free WiFi | In all areas,Free on-site parking,German | English | Armenian | Russian,Hot tub,Indoor swimming pool,Spa tub
ibis-yerevan-center,ibis Yerevan Center,8.8,Yerevan,Terrace,Doesn't have,Doesn't have,Tea/Coffee maker | Restaurant | Bar | Fruit | Wine/Champagne | Kid-friendly buffet | Kids' meals | Special diet meals (on request) | Snack bar,Free WiFi | In all areas,Free on-site parking,German | English | Persian | French | Armenian | Russian,Doesn't have,Doesn't have,Doesn't have
apple-yerevan,Apple Hotel,8.0,Yerevan,Doesn't have,Doesn't have,Doesn't have,Tea/Coffee maker | Restaurant | Coffee house on site | Fruit | Wine/Champagne | Special diet meals (on request),Free WiFi | In all areas,Free parking,English | Persian | Armenian | Russian,Doesn't have,Doesn't have,Doesn't have
chambarak,Guesthouse Chambarak,9.3,Chambarak,Balcony | Garden view | Picnic area | BBQ facilities,Doesn't have,Doesn't have,Tea/Coffee maker | Fruit | Special diet meals (on request) | Breakfast in the room,Free WiFi,Free on-site parking,German | English | Russian,Doesn't have,Doesn't have,Doesn't have
inga,Inga Hotel Yerevan,9.5,Yerevan,Garden view | Picnic area,Doesn't have,Doesn't have,Tea/Coffee maker | Minibar,Free WiFi | In all areas,Free on-site parking,English | Russian,Doesn't have,Doesn't have,Doesn't have
cartez,"Cartez by Horizon Hotels, Yerevan",8.8,Yerevan,Doesn't have,Doesn't have,Doesn't have,Coffee house on site,Free WiFi,Doesn't have,English | Russian,Doesn't have,Doesn't have,Doesn't have
unique,"Median Hotel, City Center Yerevan",8.8,Yerevan,Balcony,Doesn't have,Doesn't have,Doesn't have,Free WiFi | In all areas,Private parking,English | Armenian | Russian,Doesn't have,Doesn't have,Doesn't have
herbs-amp-honey-boutique-amp-restaurant-vardaghbyur,HERBS & HONEY boutique hotel & restaurant,9.9,Vardakhpyur,Balcony | Patio | Terrace | Picnic area | BBQ facilities,Doesn't have,Doesn't have,Tea/Coffee maker | Restaurant | Bar | Fruit | Wine/Champagne | Kid-friendly buffet | Kids' meals | Special diet meals (on request) | Breakfast in the room,Free WiFi | In all areas,Free on-site parking,English | French | Russian,Hot tub,Doesn't have,Spa tub
c-yerevan-yerevan,C Hotel Yerevan,8.2,Yerevan,Garden view | Balcony,Doesn't have,Doesn't have,Tea/Coffee maker | Bar,Free WiFi | In all areas,Free on-site parking,English | Russian,Doesn't have,Doesn't have,Doesn't have
best-western-congress,Best Western Plus Congress Hotel Yerevan,8.9,Yerevan,Balcony,Doesn't have,Doesn't have,Tea/Coffee maker | Restaurant | Bar | Fruit | Wine/Champagne | Special diet meals (on request) | Breakfast in the room,Free WiFi | In all areas,Free on-site parking,English | Armenian | Russian,Doesn't have,Outdoor swimming pool,Doesn't have
red-bridge-yerevan,Red Bridge Yerevan,9.6,Yerevan,Outdoor furniture | Balcony | Terrace,Doesn't have,Doesn't have,Tea/Coffee maker | Minibar | Restaurant | Bar | Coffee house on site | Fruit | Wine/Champagne | Kid-friendly buffet | Kids' meals | Special diet meals (on request) | Snack bar | Breakfast in the room,Free WiFi | In all areas,Free parking,English | Russian,Doesn't have,Doesn't have,Doesn't have
igit-plaza,Igit Plaza Hotel,9.4,Gyumri,Doesn't have,Doesn't have,Doesn't have,Tea/Coffee maker | Restaurant | Restaurant | Bar,Free WiFi | In all areas,Free on-site parking,English | Russian,Doesn't have,Doesn't have,Doesn't have
holiday-inn-express-yerevan,Holiday Inn Express - Yerevan by IHG,9.3,Yerevan,Garden view,Doesn't have,Doesn't have,Tea/Coffee maker | Minibar | Restaurant | Bar | Fruit | Wine/Champagne | Kids' meals | Snack bar,Free WiFi,Parking,English | Armenian | Russian,Doesn't have,Doesn't have,Doesn't have
laguna,Laguna Hotel,9.1,Vanadzor,Patio | Balcony | Terrace | Garden view | Picnic area | BBQ facilities,Doesn't have,Doesn't have,Tea/Coffee maker | Kid-friendly buffet | Special diet meals (on request),Free WiFi | In all areas,Free on-site parking,English | Russian,Doesn't have,Outdoor swimming pool,Doesn't have
ararat-resort-tsaghkadzor,Ararat Resort Tsaghkadzor,8.9,Tsaghkadzor,Garden view | Picnic area,Doesn't have,Doesn't have,Restaurant | Bar | Fruit | Wine/Champagne | Kid-friendly buffet | Kids' meals | Snack bar | Breakfast in the room,Free WiFi | In all areas,Free on-site parking,English | French | Russian,Sauna,Indoor swimming pool,Doesn't have
valensia-hotel,"Armenian Village Park Hotel & FREE Water Park, GYM",8.3,Yerevan,Garden view | Balcony | Terrace,Doesn't have,Doesn't have,Restaurant | Bar | Fruit | Wine/Champagne | Kids' meals | Special diet meals (on request),Free WiFi | In all areas,Free on-site parking,German | English | Persian | Russian,Hot tub,2 swimming pools,Spa tub
dili-town-resort-and-spa,Dili Town Resort and Spa,9.1,Dilijan,Balcony | Patio | Outdoor furniture | Outdoor dining area | Garden view | Terrace | Picnic area,Doesn't have,Doesn't have,Tea/Coffee maker | Restaurant | Restaurant | Room service | Bar | Coffee house on site | Kid-friendly buffet | Kids' meals,Free WiFi,Free on-site parking,English | Armenian | Russian,Hot tub,2 swimming pools,Spa tub
ani-grand,Ani Grand Hotel Yerevan,8.8,Yerevan,Doesn't have,Doesn't have,Doesn't have,Restaurant | Bar,Free WiFi | In all areas,Free on-site parking,English | Armenian | Russian,Doesn't have,Indoor swimming pool,Doesn't have
ithaka,Ithaca,9.4,Yerevan,Terrace,Doesn't have,Doesn't have,Tea/Coffee maker,Free WiFi | In all areas,Doesn't have,Russian,Doesn't have,Doesn't have,Doesn't have
forum,Spa Hotel Grace Forum,8.9,Yerevan,Doesn't have,Doesn't have,Doesn't have,Restaurant | Bar,Free WiFi | In all areas,Free on-site parking,English | Armenian | Russian,Doesn't have,Indoor swimming pool,Spa tub
breeze-yerevan,"Horizon Hotel, Yerevan",8.7,Yerevan,Balcony,Doesn't have,Doesn't have,Doesn't have,Free WiFi | In all areas,Free parking,English | Russian,Doesn't have,Doesn't have,Doesn't have
opera-suite,Opera Suite Hotel,8.6,Yerevan,Doesn't have,Doesn't have,Doesn't have,Tea/Coffee maker | Minibar | Restaurant | Bar | Coffee house on site | Wine/Champagne | Kid-friendly buffet | Kids' meals | Special diet meals (on request) | Breakfast in the room,Free WiFi | In all areas,Free on-site parking,English | Russian,Doesn't have,Fitness center,Doesn't have
aquatek-hotel,Aquapark Hotel & Villas,8.5,Yerevan,Garden view,Doesn't have,Doesn't have,Tea/Coffee maker | Restaurant | Bar | Coffee house on site | Fruit | Wine/Champagne | Special diet meals (on request) | Snack bar,Free WiFi | In all areas,Free on-site parking,Arabic | German | English | Persian | Armenian | Russian | Ukrainian,Hot tub | Sauna,Indoor swimming pool,Spa tub
juliet-yerevan-yerevan12,Hotel Juliet Yerevan,9.2,Yerevan,Balcony,Doesn't have,Doesn't have,Tea/Coffee maker,Free WiFi,Free parking,English | French | Armenian | Russian,Doesn't have,Doesn't have,Doesn't have
bloom-yerevan,Bloom Hotel Yerevan,7.9,Yerevan,Patio | Terrace,Doesn't have,Doesn't have,Coffee house on site | Kid-friendly buffet | Kids' meals,Free WiFi | In all areas,Free on-site parking,English | Armenian | Russian,Doesn't have,Doesn't have,Doesn't have
silk-road,Silk Road Hotel,9.3,Yerevan,Garden view | Balcony,Doesn't have,Doesn't have,Tea/Coffee maker | Restaurant | Bar | Coffee house on site | Fruit | Wine/Champagne | Kid-friendly buffet | Special diet meals (on request) | Snack bar,Free WiFi | In all areas,Free on-site parking,English | Russian,Doesn't have,Doesn't have,Doesn't have
felinger-collection,Felinger Concept Hotel,8.8,Yerevan,Garden view | Balcony,Doesn't have,Doesn't have,Tea/Coffee maker | Minibar | Restaurant | Bar | Coffee house on site,Free WiFi,Free on-site parking,English | Armenian | Russian,Doesn't have,Indoor swimming pool,Doesn't have
carat,Carat Hotel Yerevan,8.6,Yerevan,Doesn't have,Doesn't have,Doesn't have,Tea/Coffee maker | Restaurant | Bar,Free WiFi,Doesn't have,English | Russian,Doesn't have,Indoor swimming pool,Doesn't have
radisson-blu-hotel-yerevan,Radisson BLU Hotel Yerevan,8.3,Yerevan,Garden view,Doesn't have,Doesn't have,Minibar | Tea/Coffee maker | Restaurant | Restaurant | Bar | Fruit | Special diet meals (on request) | Snack bar | Breakfast in the room,Free WiFi | In all areas,Free on-site parking,English | Armenian | Russian,Doesn't have,Indoor swimming pool,Doesn't have
historic-yerevan,Tufenkian Historic Yerevan Hotel,9.0,Yerevan,Balcony,Doesn't have,Doesn't have,Tea/Coffee maker | Restaurant | Bar | Wine/Champagne | Kid-friendly buffet | Special diet meals (on request) | Breakfast in the room,Free WiFi | In all areas,Doesn't have,English | Armenian | Russian,Doesn't have,Outdoor swimming pool,Doesn't have
europe,Europe Hotel,8.7,Yerevan,Doesn't have,Doesn't have,Doesn't have,Tea/Coffee maker | Minibar | Restaurant | Bar | Breakfast in the room,Free WiFi | In all areas,Free parking,English | French | Russian,Doesn't have,Doesn't have,Doesn't have
doubletree-by-hilton-yerevan,DoubleTree by Hilton Yerevan City Centre,8.9,Yerevan,Doesn't have,Doesn't have,Doesn't have,Tea/Coffee maker | Minibar | Restaurant | Bar | Coffee house on site | Fruit | Wine/Champagne | Kids' meals | Special diet meals (on request) | Snack bar | Breakfast in the room,Free WiFi | In all areas,Free on-site parking,English | Italian | Russian,Hot tub,Fitness center,Doesn't have
green-palace-yerevan,Green Palace Hotel,7.5,Yerevan,Balcony | Garden view,Doesn't have,Doesn't have,Minibar | Restaurant | Bar | Fruit | Wine/Champagne | Snack bar | Breakfast in the room,Free WiFi | In all areas,Free on-site parking,English | Russian,Hot tub | Sauna,2 swimming pools (1 open),Spa tub
bm-yerevan,B&M Hotel,8.9,Yerevan,Doesn't have,Doesn't have,Doesn't have,Tea/Coffee maker,Free WiFi | In all areas,Free on-site parking,English | Russian,Doesn't have,Doesn't have,Doesn't have
avenue-23-boutique,Avenue 23 Boutique Hotel,8.4,Yerevan,Outdoor dining area | Balcony,Doesn't have,Doesn't have,Tea/Coffee maker | Minibar | Bar | Coffee house on site,Free WiFi | In all areas,Parking,English | Armenian | Russian,Doesn't have,Doesn't have,Doesn't have
opera-avenue-yerevan,Opera Avenue Hotel,7.7,Yerevan,Outdoor dining area | Garden view | Terrace,Doesn't have,Doesn't have,Tea/Coffee maker | Minibar | Bar | Coffee house on site | Kids' meals,Free WiFi | In all areas,Free on-site parking,Armenian | Russian,Hot tub,Doesn't have,Spa tub
kayanberd-resort,Kayanberd Resort,9.7,Alaverdi,Balcony | Picnic area,Doesn't have,Doesn't have,Tea/Coffee maker | Restaurant | Bar | Coffee house on site | Fruit | Wine/Champagne | Kids' meals | Special diet meals (on request) | Breakfast in the room,Free WiFi | In all areas,Free on-site parking,English | Russian,Doesn't have,Doesn't have,Doesn't have
messier-53-yerevan,Messier 53 Hotel Yerevan,8.7,Yerevan,Garden view | Balcony,Doesn't have,Doesn't have,Tea/Coffee maker | Minibar | Restaurant | Bar | Coffee house on site | Kid-friendly buffet | Special diet meals (on request) | Breakfast in the room,Free WiFi | In all areas,Free on-site parking,English | Armenian | Russian,Doesn't have,Indoor swimming pool,Doesn't have
shirbakyan-hostel,Shirbakyan Boutique Hotel & Apartments,8.8,Yerevan,Balcony | Garden view,Doesn't have,Doesn't have,Tea/Coffee maker,Free WiFi | In all areas,Free on-site parking,Armenian | Russian,Doesn't have,Doesn't have,Doesn't have
venezia-palazzo,Venezia Palazzo Hotel,7.6,Yerevan,Doesn't have,Doesn't have,Doesn't have,Tea/Coffee maker | Special diet meals (on request) | Breakfast in the room,Free WiFi | In all areas,Free on-site parking,English | Russian,Hot tub | Sauna,Doesn't have,Spa tub
shale-and-tours,COTTAGE CHALET and TOURS,9.1,Dilijan,Terrace | Balcony | Outdoor furniture | Picnic area | BBQ facilities,Doesn't have,Doesn't have,Restaurant | Bar | Wine/Champagne | Kids' meals,Free WiFi,Free on-site parking,English | Russian,Doesn't have,Doesn't have,Doesn't have
alexandrapol-palace,Alexandrapol Palace Hotel,8.5,Gyumri,Garden view | Balcony | Terrace | Picnic area | BBQ facilities,Doesn't have,Doesn't have,Tea/Coffee maker | Minibar | Restaurant | Bar | Coffee house on site | Fruit | Wine/Champagne | Kids' meals | Special diet meals (on request) | Snack bar | Breakfast in the room,Free WiFi | In all areas,Free on-site parking,English | Armenian | Russian,Doesn't have,Doesn't have,Spa tub
koghbatsi-aparthotel,Koghbatsi Aparthotel,8.9,Yerevan,Doesn't have,Doesn't have,Doesn't have,Doesn't have,Free WiFi,Doesn't have,English | Armenian | Russian,Doesn't have,Doesn't have,Doesn't have
tigran-mets-yerevan1,Hotel Tigran Mets Yerevan,8.3,Yerevan,Balcony | Garden view | Terrace | Picnic area | BBQ facilities,Doesn't have,Doesn't have,Tea/Coffee maker | Restaurant | Coffee house on site | Fruit | Wine/Champagne | Kid-friendly buffet | Kids' meals | Special diet meals (on request) | Breakfast in the room,Free WiFi,Free private parking,German | English | French | Armenian | Russian,Doesn't have,Doesn't have,Doesn't have
vallex-garden-alaverdi,Vallex Garden Hotel Alaverdi,9.3,Alaverdi,Terrace | Outdoor furniture | Outdoor dining area | Garden view,Doesn't have,Doesn't have,Tea/Coffee maker | Restaurant | Bar | Coffee house on site | Fruit | Wine/Champagne | Kid-friendly buffet | Breakfast in the room,Free WiFi | In all areas,Free on-site parking,German | English | Armenian | Georgian | Russian,Doesn't have,Doesn't have,Doesn't have
yerevan-street,Yerevan Street hotel,9.2,Yerevan,Terrace | Picnic area,Doesn't have,Doesn't have,Restaurant | Restaurant | Bar,Free WiFi | In all areas,Free parking,English | Armenian | Russian,Doesn't have,Outdoor swimming pool,Doesn't have
venice,Venice Hotel Complex,9.0,Yerevan,Doesn't have,Doesn't have,Doesn't have,Tea/Coffee maker | Restaurant | Bar | Coffee house on site | Fruit | Wine/Champagne | Kids' meals | Breakfast in the room,Free WiFi | In all areas,Free on-site parking,English | Russian,Hot tub,2 swimming pools,Spa tub
vak-resort,VAK Resort Dilijan,9.1,Dilijan,Balcony | Patio | BBQ facilities,Doesn't have,Doesn't have,Tea/Coffee maker | Minibar | Restaurant | Bar | Coffee house on site,Free WiFi | In all areas,Free private parking,English | Russian,Hot tub,Indoor swimming pool,Spa tub
barbar-apart,BARBAR APART HOTEL,9.5,Gyumri,Doesn't have,Doesn't have,Doesn't have,Tea/Coffee maker | Minibar,Free WiFi | In all areas,Free on-site parking,English | Armenian | Russian,Doesn't have,Doesn't have,Doesn't have
alpha,"Alpha by Horizon Hotels, Yerevan",8.9,Yerevan,Doesn't have,Doesn't have,Doesn't have,Tea/Coffee maker | Kid-friendly buffet | Kids' meals | Special diet meals (on request),Free WiFi | In all areas,Free parking,English | Armenian | Russian,Doesn't have,Doesn't have,Doesn't have
amaras-giumri,Old Avenue Hotel,9.2,Gyumri,Balcony | Terrace,Doesn't have,Doesn't have,Tea/Coffee maker | Minibar | Restaurant | Coffee house on site | Fruit | Wine/Champagne | Snack bar,Free WiFi | In all areas,Free on-site parking,English | Russian,Doesn't have,Doesn't have,Doesn't have
old-yerevan-yerevan3,Yerevan In Boutique Hotel,8.3,Yerevan,Terrace,Doesn't have,Doesn't have,Doesn't have,Free WiFi,Doesn't have,English | Armenian | Russian,Doesn't have,Doesn't have,Doesn't have
kantar,Kantar Hotel,9.1,Yerevan,Balcony | Outdoor furniture | Garden view | Outdoor dining area,Doesn't have,Doesn't have,Minibar | Kid-friendly buffet,Free WiFi | In all areas,Doesn't have,English | Russian,Doesn't have,Doesn't have,Doesn't have
benefice-mini-hotel-and-tours,Benefice Hotel Yerevan-通緝,8.8,Yerevan,Outdoor furniture | Outdoor dining area | Garden view | Picnic area,Doesn't have,Doesn't have,Tea/Coffee maker | Minibar | Bar | Coffee house on site | Fruit | Wine/Champagne | Kid-friendly buffet | Kids' meals | Special diet meals (on request),Free WiFi | In all areas,Free on-site parking,English | Russian,Doesn't have,Doesn't have,Doesn't have
otyak-evn-zvartnots-airport,Otyak Plaza Hotel Airport Zvartnots EVN,7.8,Pʼarakʼar,Balcony | Patio | Terrace | Outdoor furniture | Outdoor dining area | Garden view | Picnic area | BBQ facilities,Doesn't have,Doesn't have,Minibar | Restaurant | Bar | Coffee house on site | Fruit | Wine/Champagne | Kid-friendly buffet | Kids' meals | Special diet meals (on request) | Snack bar | Breakfast in the room,Free WiFi | In all areas,Free parking,English | Russian,Doesn't have,Outdoor swimming pool,Doesn't have
dilijans,Diligence Hotel & restaurant,8.2,Dilijan,Picnic area | BBQ facilities,Doesn't have,Doesn't have,Restaurant | Bar | Special diet meals (on request) | Breakfast in the room,Free WiFi | In all areas,Free on-site parking,English | Russian,Doesn't have,Doesn't have,Doesn't have
holiday-inn-yerevan-republic-square,Holiday Inn Yerevan - Republic Square by IHG,8.9,Yerevan,Balcony | Terrace,Doesn't have,Doesn't have,Minibar | Restaurant | Restaurant | Bar | Coffee house on site | Fruit | Wine/Champagne | Kid-friendly buffet | Kids' meals | Special diet meals (on request) | Snack bar | Breakfast in the room,Free WiFi | In all areas,Free on-site parking,English | Armenian | Russian,Doesn't have,Indoor swimming pool,Doesn't have
aviatrans-hotel-yerevan,Aviatrans Hotel,8.3,Yerevan,Doesn't have,Doesn't have,Doesn't have,Minibar | Restaurant | Bar | Special diet meals (on request) | Breakfast in the room,Free WiFi | In all areas,Free on-site parking,English | Russian,Doesn't have,Doesn't have,Doesn't have
apricot-yerevan,Apricot Hotel Yerevan,8.6,Yerevan,Balcony | Outdoor furniture | Outdoor dining area,Doesn't have,Doesn't have,Minibar | Restaurant | Bar | Fruit | Wine/Champagne,Free WiFi | In all areas,Free parking,English | Russian,Doesn't have,Spa,Doesn't have
orion-aparthotel,Orion ApartHotel,9.3,Yerevan,Balcony | Terrace,Doesn't have,Doesn't have,Tea/Coffee maker | Room service | Bar | Fruit | Grocery deliveries | Packed lunches | Breakfast in the room,Free WiFi,Free on-site parking,English | Armenian | Russian,Doesn't have,Doesn't have,Doesn't have
nova-yerevan,Nova Hotel Yerevan,9.3,Yerevan,Balcony | Patio | Terrace,Doesn't have,Doesn't have,Tea/Coffee maker | Minibar | Restaurant | Bar | Coffee house on site | Fruit | Wine/Champagne | Kid-friendly buffet | Kids' meals | Special diet meals (on request) | Snack bar | Breakfast in the room,Free WiFi | In all areas,Free on-site parking,Arabic | German | English | French | Russian,Doesn't have,Doesn't have,Doesn't have
elysium-gallery,Elysium Gallery Hotel,8.5,Yerevan,Balcony,Doesn't have,Doesn't have,Coffee house on site | Kid-friendly buffet | Kids' meals | Special diet meals (on request) | Snack bar,Free WiFi | In all areas,Private parking,English | Armenian | Russian,Doesn't have,Doesn't have,Doesn't have
mandarin,MANDARIN Hotel,9.2,Yerevan,Doesn't have,Doesn't have,Doesn't have,Tea/Coffee maker | Snack bar,Free WiFi,Doesn't have,English | Armenian | Russian,Doesn't have,Doesn't have,Doesn't have
keygo-0145-i-1-bedroom,Апарт-отель MICH8 by KEYGO,7.8,Yerevan,Balcony | Outdoor furniture,Doesn't have,Doesn't have,Tea/Coffee maker,Doesn't have,Doesn't have,English | Russian,Doesn't have,Doesn't have,Doesn't have
amiryan-by-armani-hotels-collection,Fama 12 Hotel,7.9,Yerevan,Doesn't have,Doesn't have,Doesn't have,Tea/Coffee maker,Free WiFi,Free on-site parking,English | Russian,Doesn't have,Doesn't have,Doesn't have
areg,Areg Hotel,9.0,Yerevan,Balcony | Outdoor furniture | Outdoor dining area | BBQ facilities,Doesn't have,Doesn't have,Tea/Coffee maker | Minibar | Barbecue | Restaurant | Bar | Wine/Champagne | Kids' meals | Breakfast in the room,Free WiFi | In all areas,Free on-site parking,English | Armenian | Russian,Doesn't have,Doesn't have,Doesn't have
rr-boutique,Royal Renaissance Boutique by IGIT,8.9,Yerevan,Terrace,Doesn't have,Doesn't have,Tea/Coffee maker,Free WiFi | In all areas,Doesn't have,English | Armenian | Georgian | Russian,Doesn't have,Doesn't have,Doesn't have
imperial-palace,Imperial Palace Hotel Yerevan,8.5,Yerevan,Balcony | Terrace,Doesn't have,Doesn't have,Tea/Coffee maker | Minibar | Restaurant | Bar,Free WiFi | In all areas,Doesn't have,English | Armenian | Russian,Doesn't have,Doesn't have,Spa tub
vertoni-yerevan-yerevan12,Vertoni Hotel Yerevan,9.7,Yerevan,Terrace | Terrace,Doesn't have,Doesn't have,Minibar | Bar,Free WiFi | In all areas,Doesn't have,English | Armenian | Russian,Doesn't have,Doesn't have,Doesn't have
golden-tulip-yerevan,Grand Hotel Yerevan - Small Luxury Hotels of the World,9.1,Yerevan,Balcony,Doesn't have,Doesn't have,Tea/Coffee maker | Minibar | Restaurant | Bar | Fruit | Wine/Champagne | Kids' meals | Special diet meals (on request),Free WiFi | In all areas,Doesn't have,English | Russian,Doesn't have,Outdoor swimming pool,Doesn't have
orbeli-yerevan1,Orbeli Hotel Yerevan,9.1,Yerevan,Balcony | Terrace,Doesn't have,Doesn't have,Tea/Coffee maker | Coffee house on site | Wine/Champagne | Kid-friendly buffet,Free WiFi,Free parking,English | French | Armenian | Russian,Doesn't have,Doesn't have,Doesn't have
villa-de-monte-armo,Otyak Plaza,8.5,Pʼarakʼar,Balcony | Terrace,Doesn't have,Doesn't have,Restaurant | Bar,Free WiFi | In all areas,Free on-site parking,German | English | Russian,Doesn't have,Outdoor swimming pool,Doesn't have
dallar,DALLAR Guest House,8.7,Yerevan,Patio | Terrace | Outdoor furniture | Outdoor dining area | Garden view | Terrace,Doesn't have,Doesn't have,Tea/Coffee maker | Minibar | Bar,Free WiFi | In all areas,Free on-site parking,English | Armenian | Russian,Doesn't have,Doesn't have,Doesn't have
annabella-boutique,AnnaBella Boutique Hotel,8.2,Yerevan,Garden view,Doesn't have,Doesn't have,Tea/Coffee maker,Free WiFi | In all areas,Free private parking,English | Russian,Doesn't have,Doesn't have,Doesn't have
yerevan-boutique,Yerevan Boutique Hotel,9.2,Yerevan,Patio | Outdoor furniture | Outdoor dining area | Garden view | Balcony | Terrace | Picnic area,Doesn't have,Doesn't have,Tea/Coffee maker,Free WiFi | In all areas,Free on-site parking,English | Armenian | Russian,Doesn't have,Doesn't have,Doesn't have
moscow-house,Moscow House Hotel,9.5,Yerevan,Terrace | Garden view,Doesn't have,Doesn't have,Minibar | Bar | Coffee house on site | Fruit | Wine/Champagne | Kid-friendly buffet | Kids' meals | Special diet meals (on request) | Snack bar,Free WiFi | In all areas,Free on-site parking,English | Armenian | Russian,Doesn't have,Doesn't have,Doesn't have
menua-yerevan,"Menua by Horizon Hotels, Yerevan",8.1,Yerevan,Balcony,Doesn't have,Doesn't have,Doesn't have,Free WiFi | In all areas,Free on-site parking,English | Armenian | Russian,Doesn't have,Doesn't have,Doesn't have
aurelia-amp-restaurant,Aurelia Hotel & Restaurant,9.4,Dilijan,Balcony,Doesn't have,Doesn't have,Restaurant | Bar,Free WiFi,Free on-site parking,English | Armenian | Russian,Doesn't have,Doesn't have,Doesn't have
chief,Chief Hotel,8.9,Gyumri,Balcony,Doesn't have,Doesn't have,Tea/Coffee maker | Breakfast in the room,Free WiFi | In all areas,Free on-site parking,English | Russian,Doesn't have,Doesn't have,Doesn't have
flatsinyerevan-apartment-on-pushkin-str,The Phoenix Boutique Hotel,8.4,Yerevan,Doesn't have,Doesn't have,Doesn't have,Tea/Coffee maker | Minibar,Free WiFi | In all areas,Doesn't have,English | Armenian | Russian,Doesn't have,Doesn't have,Doesn't have
sesil,Hotel SESIL,9.7,Gyumri,Doesn't have,Doesn't have,Doesn't have,Breakfast in the room,Free WiFi,Free on-site parking,English | Armenian | Russian,Doesn't have,Doesn't have,Doesn't have
grand-hostel-yerevan,Ivy Boutique Hotel,7.1,Yerevan,Balcony | Terrace | Garden view | Terrace | BBQ facilities,Doesn't have,Doesn't have,Bar,Free WiFi | In all areas,Free on-site parking,Arabic | English | Spanish | Russian | Chinese,Doesn't have,Indoor swimming pool,Doesn't have
yerevan-resident,Yerevan Resident Hotel,7.2,Yerevan,Doesn't have,Doesn't have,Doesn't have,Tea/Coffee maker | Minibar | Restaurant | Bar | Coffee house on site | Fruit | Wine/Champagne | Snack bar,Free WiFi | In all areas,Free on-site parking,English | French | Armenian | Russian,Doesn't have,Doesn't have,Doesn't have
arami-by-downtown,Hotel Arami by Downtown,7.9,Yerevan,Outdoor dining area,Doesn't have,Doesn't have,Tea/Coffee maker | Minibar,Free WiFi | In all areas,Parking,English | Armenian | Russian,Doesn't have,Doesn't have,Doesn't have
rls-dalma-collection-yerevan,RIS Dalma Collection Yerevan,9.5,Yerevan,Balcony | Outdoor furniture | Outdoor dining area | Garden view | Patio | Terrace,Doesn't have,Doesn't have,Tea/Coffee maker | Restaurant | Bar,Free WiFi | In all areas,Free on-site parking,English | Russian,Doesn't have,Doesn't have,Doesn't have
ojakh-yerevan,Tnak Hotel,9.0,Yerevan,Balcony | Terrace | Garden view,Doesn't have,Doesn't have,Tea/Coffee maker | Restaurant | Bar | Coffee house on site | Fruit | Wine/Champagne,Free WiFi | In all areas,Free on-site parking,English | Armenian | Russian,Doesn't have,Doesn't have,Doesn't have
aspar-boutique-yerevan,Aspar Boutique Hotel by IGIT,8.9,Yerevan,Patio | Terrace | Outdoor furniture | Outdoor dining area | Garden view | Balcony | Terrace | Picnic area,Doesn't have,Doesn't have,Tea/Coffee maker,Free WiFi | In all areas,Free on-site parking,English | Armenian | Russian,Hot tub,Doesn't have,Spa tub
address-yerevan-by-imperial,Address Hotel Yerevan by Imperial,8.8,Yerevan,Balcony,Doesn't have,Doesn't have,Tea/Coffee maker | Bar,Free WiFi | In all areas,Doesn't have,English | Armenian | Russian,Doesn't have,Doesn't have,Spa tub
hayoc-ojax-sevan,Hayots Ojakh,8.6,Sevan,Balcony | Picnic area,Doesn't have,Doesn't have,Restaurant | Bar,Free WiFi | In all areas,Free on-site parking,English | Armenian | Russian,Doesn't have,Doesn't have,Doesn't have
hayasa-yerevan,Hayasa Hotel Yerevan,9.0,Yerevan,Balcony,Doesn't have,Doesn't have,Minibar | Bar | Fruit | Wine/Champagne | Kid-friendly buffet | Special diet meals (on request) | Snack bar | Breakfast in the room,Free WiFi | In all areas,Doesn't have,English | Armenian | Russian,Doesn't have,Fitness center,Doesn't have
bourbon-boutique-yerevan,Bourbon Boutique Hotel,9.6,Yerevan,Doesn't have,Doesn't have,Doesn't have,Tea/Coffee maker | Minibar | Coffee house on site | Fruit | Wine/Champagne,Free WiFi,Doesn't have,English | Russian,Doesn't have,Doesn't have,Doesn't have
apartments-on-koghbatsi-16,Apart-hotel on Koghbatsi 16,9.1,Yerevan,Balcony,Doesn't have,Doesn't have,Tea/Coffee maker,Free WiFi,Parking,English | Armenian | Russian,Doesn't have,Doesn't have,Doesn't have
maison-heritage,Maison Heritage Hotel,8.7,Yerevan,Balcony | Terrace | Terrace,Doesn't have,Doesn't have,Minibar,Free WiFi | In all areas,Doesn't have,English | Russian,Doesn't have,Doesn't have,Doesn't have
alba-yerevan,Alba Hotel Yerevan,9.1,Yerevan,Balcony | Terrace | Terrace,Doesn't have,Doesn't have,Tea/Coffee maker | Minibar | Coffee house on site | Fruit | Wine/Champagne | Breakfast in the room,Free WiFi | In all areas,Free on-site parking,English | Russian,Doesn't have,Outdoor swimming pool,Doesn't have
republica-yerevan,Republica Hotel Yerevan,9.1,Yerevan,Balcony,Doesn't have,Doesn't have,Tea/Coffee maker | Minibar | Restaurant | Restaurant | Coffee house on site | Fruit | Wine/Champagne | Special diet meals (on request) | Snack bar | Breakfast in the room,Free WiFi | In all areas,Doesn't have,English | Russian,Doesn't have,Doesn't have,Doesn't have
rooftop-apart,Rooftop Apart-Hotel,8.8,Yerevan,Outdoor dining area | Garden view | Balcony | Terrace | Patio | Terrace,Doesn't have,Doesn't have,Tea/Coffee maker | Minibar | Restaurant | Room service | Coffee house on site | Wine/Champagne | Grocery deliveries | Breakfast in the room,Free WiFi,Parking,English | Armenian | Russian,Doesn't have,Doesn't have,Doesn't have
aero-tour-armenia,Aero Hotel Tour Armenia,8.0,Pʼarakʼar,Doesn't have,Doesn't have,Doesn't have,Doesn't have,Free WiFi | In all areas,Free parking,German | English | Russian,Doesn't have,Doesn't have,Doesn't have
manand,Manand Hotel,8.2,Yerevan,Balcony | Terrace,Doesn't have,Doesn't have,Tea/Coffee maker | Minibar | Bar | Coffee house on site | Fruit | Wine/Champagne | Breakfast in the room,Free WiFi | In all areas,Free on-site parking,English | Persian | Armenian | Russian,Doesn't have,Spa,Doesn't have
nor,Homestay Hotel,9.0,Yerevan,Balcony,Doesn't have,Doesn't have,Minibar | Wine/Champagne,Free WiFi | In all areas,Doesn't have,English | Russian,Doesn't have,Doesn't have,Doesn't have
fourteenth-floor,14 Floor Hotel,9.0,Yerevan,Balcony | Patio | Terrace | Outdoor furniture | Outdoor dining area | Terrace,Doesn't have,Doesn't have,Tea/Coffee maker | Minibar | Coffee house on site | Kids' meals | Breakfast in the room,Free WiFi | In all areas,Free on-site parking,English | Russian,Doesn't have,Doesn't have,Doesn't have
maruna,Hotel MARUNA,9.0,Sevan,Balcony | Outdoor furniture | Outdoor dining area | Picnic area | BBQ facilities,Doesn't have,Doesn't have,Tea/Coffee maker | Barbecue | Bar,Free WiFi,Free parking,English | Armenian | Russian,Doesn't have,Spa,Doesn't have
cascade,Cascade Hotel,9.0,Yerevan,Patio | Garden view | Balcony | Outdoor furniture | Outdoor dining area,Doesn't have,Doesn't have,Minibar | Restaurant | Bar | Fruit | Wine/Champagne | Special diet meals (on request) | Snack bar,Free WiFi | In all areas,Free on-site parking,English | Russian,Doesn't have,Doesn't have,Doesn't have
elegant-amp-resort,Elegant Hotel & Resort,9.1,Tsaghkadzor,Balcony | Patio | BBQ facilities,Doesn't have,Doesn't have,Tea/Coffee maker | Minibar | Barbecue | Restaurant | Bar,Free WiFi | In all areas,Free on-site parking,English | Russian,Doesn't have,Indoor swimming pool,Doesn't have
christina-39-s-bed-and-breakfast,Hotel Premium Armenia,8.1,Yerevan,Doesn't have,Doesn't have,Doesn't have,Doesn't have,Free WiFi | In all areas,Doesn't have,English | Armenian | Russian,Doesn't have,Doesn't have,Doesn't have
levgr,LevGr,10.0,Shorzha,Terrace | Picnic area | BBQ facilities,Doesn't have,Doesn't have,Barbecue | Restaurant | Bar | Wine/Champagne,Free WiFi | In all areas,Free on-site parking,English | Armenian | Russian,Doesn't have,Doesn't have,Doesn't have
park-avenue,Park Avenue Hotel Yerevan,9.1,Yerevan,Patio | Outdoor dining area | Garden view | Balcony | Picnic area | BBQ facilities,Doesn't have,Doesn't have,Tea/Coffee maker | Minibar | Restaurant | Coffee house on site | Fruit | Wine/Champagne | Kid-friendly buffet | Special diet meals (on request) | Breakfast in the room,Free WiFi | In all areas,Free on-site parking,English | Armenian | Russian,Doesn't have,Doesn't have,Doesn't have
olympic,Olympic Hotel Gyumri,8.3,Gyumri,Garden view,Doesn't have,Doesn't have,Restaurant | Bar | Coffee house on site | Fruit | Wine/Champagne | Kid-friendly buffet | Kids' meals | Special diet meals (on request) | Breakfast in the room,Free WiFi | In all areas,Free on-site parking,English | Armenian | Russian,Doesn't have,Fitness center,Doesn't have
river-side-evn,River House Boutique Hotel,9.3,Yerevan,Outdoor dining area | Garden view | BBQ facilities,Doesn't have,Doesn't have,Tea/Coffee maker | Minibar | Fruit | Wine/Champagne,Free WiFi,Free parking,English | Russian,Doesn't have,Doesn't have,Doesn't have
dilijanitun,Dilijani Tun Hotel & Restaurant,9.2,Dilijan,Balcony | Patio | Terrace | Outdoor furniture | Outdoor dining area | Garden view,Doesn't have,Doesn't have,Tea/Coffee maker | Minibar | Restaurant | Bar | Coffee house on site | Fruit | Wine/Champagne | Kid-friendly buffet | Kids' meals | Snack bar,Free WiFi | In all areas,Free on-site parking,English | Armenian | Russian,Doesn't have,Outdoor swimming pool,Doesn't have
my-yerevan,My Hotel Yerevan,9.0,Yerevan,Terrace,Doesn't have,Doesn't have,Minibar,Free WiFi | In all areas,Free on-site parking,English | Russian,Doesn't have,Doesn't have,Doesn't have
komitas-yerevan5,Seva Apart-Hotel,9.6,Yerevan,Outdoor furniture | Picnic area,Doesn't have,Doesn't have,Tea/Coffee maker | Room service | Wine/Champagne | Kid-friendly buffet | Kids' meals | Grocery deliveries | Vending machine (drinks) | Packed lunches | Breakfast in the room,Free WiFi | In all areas,Free on-site parking,German | English | French | Russian,Doesn't have,Doesn't have,Doesn't have
teryan-pushkin-appartments,Teryan Pushkin Apart Hotel,9.0,Yerevan,Balcony | Terrace,Doesn't have,Doesn't have,Restaurant,Free WiFi | In all areas,Free on-site parking,English | Russian,Doesn't have,Doesn't have,Doesn't have
pallada,Pallada,9.2,Yerevan,Doesn't have,Doesn't have,Doesn't have,Doesn't have,Free WiFi | In all areas,Free on-site parking,English | Russian,Doesn't have,Doesn't have,Doesn't have
evn-rooms,EVN Rooms,9.6,Yerevan,Terrace | Picnic area,Doesn't have,Doesn't have,Doesn't have,Free WiFi | In all areas,Free private parking,English | Russian,Doesn't have,Doesn't have,Doesn't have
expocore,Expocore Hotel,8.6,Yerevan,Doesn't have,Doesn't have,Doesn't have,Tea/Coffee maker | Restaurant | Restaurant | Bar | Coffee house on site | Kid-friendly buffet,Free WiFi | In all areas,Free private parking,English | Persian | Armenian | Russian,Doesn't have,Doesn't have,Doesn't have
metropol-club-house,HOTEL METROPOL Club House,9.6,Yerevan,Doesn't have,Doesn't have,Doesn't have,Tea/Coffee maker | Restaurant | Bar | Fruit | Wine/Champagne | Breakfast in the room,Free WiFi,Doesn't have,English | Russian,Doesn't have,Doesn't have,Doesn't have
caucasus,Caucasus Hotel,8.8,Yerevan,Garden view | Balcony,Doesn't have,Doesn't have,Tea/Coffee maker | Restaurant | Bar | Coffee house on site | Fruit | Wine/Champagne | Special diet meals (on request) | Breakfast in the room,Free WiFi | In all areas,Free on-site parking,English | Russian,Doesn't have,2 swimming pools,Doesn't have
bonjour-boutique-yerevan,Bonjour Boutique Hotel Yerevan,9.3,Yerevan,Terrace,Doesn't have,Doesn't have,Tea/Coffee maker,Free WiFi | In all areas,Doesn't have,English | Russian,Doesn't have,Doesn't have,Doesn't have
hilltop-north-avenue,"Hilltop North Avenue by Stellar Hotels, Yerevan",8.0,Yerevan,Balcony | Outdoor furniture | Terrace | Outdoor dining area | Terrace,Doesn't have,Doesn't have,Tea/Coffee maker | Bar,Free WiFi | In all areas,Doesn't have,English | Armenian | Russian,Doesn't have,Indoor swimming pool,Doesn't have
seven-visions-the-dvin-yerevan,"Seven Visions Resort and Places, the Dvin",9.7,Yerevan,Balcony,Doesn't have,Doesn't have,Tea/Coffee maker | Minibar | Restaurant | Restaurant | Restaurant | Bar | Fruit | Wine/Champagne | Kid-friendly buffet | Breakfast in the room,Free WiFi,Private parking,English | Russian,Doesn't have,2 swimming pools,Doesn't have
casanova-inn,Casanova Inn - Boutique Hotel,8.7,Dilijan,Balcony | Patio | Terrace | Outdoor furniture | Outdoor dining area | Garden view | Picnic area | BBQ facilities,Doesn't have,Doesn't have,Tea/Coffee maker | Minibar | Barbecue | Restaurant | Restaurant | Bar | Coffee house on site | Fruit | Wine/Champagne | Kids' meals | Special diet meals (on request) | Snack bar | Breakfast in the room,Free WiFi | In all areas,Free on-site parking,English | Armenian | Russian,Sauna,Indoor swimming pool,Doesn't have
erkan-alek-heritage,Erkan Alek Heritage Hotel,9.5,Gyumri,Terrace,Doesn't have,Doesn't have,Tea/Coffee maker | Minibar | Wine/Champagne | Special diet meals (on request) | Breakfast in the room,Free WiFi,Free on-site parking,German | English | Russian,Doesn't have,Doesn't have,Doesn't have
orienta-gyumri,Orienta Hotel Gyumri,9.0,Gyumri,Doesn't have,Doesn't have,Doesn't have,Tea/Coffee maker | Minibar | Restaurant | Bar | Coffee house on site | Wine/Champagne,Free WiFi | In all areas,Free on-site parking,English | Armenian | Russian,Doesn't have,Doesn't have,Doesn't have
moscow-boutique,Moscow Boutique Hotel,8.6,Yerevan,Terrace | Terrace,Doesn't have,Doesn't have,Tea/Coffee maker | Minibar | Restaurant | Coffee house on site,Free WiFi,Doesn't have,English | Armenian | Russian,Doesn't have,Doesn't have,Doesn't have
victoria-yerevan,Hotel Victoria,8.7,Yerevan,Doesn't have,Doesn't have,Doesn't have,Doesn't have,Free WiFi | In all areas,Doesn't have,English | Russian,Doesn't have,Doesn't have,Doesn't have
marnar,MarNar Hotel,8.6,Yerevan,Outdoor furniture | Outdoor dining area | Picnic area,Doesn't have,Doesn't have,Tea/Coffee maker | Coffee house on site | Special diet meals (on request),Free WiFi | In all areas,Free private parking,English | Armenian | Russian,Doesn't have,Doesn't have,Doesn't have
movenpick-yerevan,Mövenpick Yerevan,8.1,Yerevan,Balcony,Doesn't have,Doesn't have,Minibar | Restaurant | Bar | Coffee house on site | Wine/Champagne | Kid-friendly buffet | Kids' meals | Special diet meals (on request) | Snack bar | Breakfast in the room,Free WiFi | In all areas,Free on-site parking,English | Armenian | Russian,Doesn't have,Fitness center,Doesn't have
old-dilijan-complex,Tufenkian Old Dilijan Complex,8.9,Dilijan,Balcony,Doesn't have,Doesn't have,Tea/Coffee maker | Restaurant | Bar | Special diet meals (on request),Free WiFi,Free parking,English | Armenian | Russian,Doesn't have,Doesn't have,Doesn't have
mashtots,Mashtots Hotel,8.5,Yerevan,Doesn't have,Doesn't have,Doesn't have,Bar | Fruit | Wine/Champagne | Kid-friendly buffet | Special diet meals (on request) | Breakfast in the room,Free WiFi | In all areas,Doesn't have,English | Russian,Doesn't have,Doesn't have,Doesn't have
apricot-gyumri,GRAND HOTEL GYUMRI by APRICOT Hotels,9.5,Gyumri,Doesn't have,Doesn't have,Doesn't have,Minibar | Bar | Fruit | Wine/Champagne,Free WiFi | In all areas,Free on-site parking,English | Russian,Doesn't have,Doesn't have,Doesn't have
elion-yerevan,Hotel Elion,8.3,Yerevan,Doesn't have,Doesn't have,Doesn't have,Minibar | Restaurant,Free WiFi,Free on-site parking,English | Russian,Doesn't have,Doesn't have,Doesn't have
silachi,Ani Central Inn,8.8,Yerevan,Doesn't have,Doesn't have,Doesn't have,Tea/Coffee maker | Minibar | Restaurant | Bar | Breakfast in the room,Free WiFi | In all areas,Free on-site parking,English | French | Russian,Doesn't have,Indoor swimming pool,Doesn't have
time-boutique,Time Boutique Hotel,8.9,Yerevan,Terrace | Outdoor furniture | Outdoor dining area | Garden view | Terrace | Picnic area,Doesn't have,Doesn't have,Tea/Coffee maker,Free WiFi | In all areas,Private parking,English | Armenian | Russian,Doesn't have,Doesn't have,Doesn't have
lilia-on-mashtots-street,Hotel Lilia Yerevan,8.9,Yerevan,Balcony | Terrace,Doesn't have,Doesn't have,Tea/Coffee maker | Coffee house on site | Fruit | Wine/Champagne | Kid-friendly buffet | Special diet meals (on request) | Breakfast in the room,Free WiFi,Doesn't have,English | Russian,Doesn't have,Doesn't have,Doesn't have
centroom,Centroom boutique hotel,8.8,Yerevan,Doesn't have,Doesn't have,Doesn't have,Tea/Coffee maker,Free WiFi | In all areas,Doesn't have,English | Russian,Doesn't have,Doesn't have,Doesn't have
arch-apart,Arch Apart Hotel,9.4,Yerevan,Doesn't have,Doesn't have,Doesn't have,Tea/Coffee maker,Free WiFi | In all areas,1. Off-site parking | 2. Off-site parking,English | Armenian | Russian,Doesn't have,Doesn't have,Doesn't have
hnameni-historic-lodge-bovadzor,Hnameni Bovadzor Lodge,9.7,Maksim Gorʼkiy,Balcony | Patio | Terrace | Outdoor furniture | Outdoor dining area | Garden view | Picnic area | BBQ facilities,Doesn't have,Doesn't have,Tea/Coffee maker | Breakfast in the room,Free WiFi | In all areas,Free on-site parking,English | Armenian | Russian,Sauna,Spa,Spa tub
on-the-way-and-apartments,HomeWay Apart-Hotel,9.2,Yerevan,Balcony | Patio | Terrace | Picnic area,Doesn't have,Doesn't have,Tea/Coffee maker | Bar | Coffee house on site | Fruit | Wine/Champagne | Special diet meals (on request) | Breakfast in the room,Free WiFi | In all areas,Free on-site parking,English | Russian,Doesn't have,Doesn't have,Doesn't have
glandale-hills,Mandarin Hotel,8.0,Yerevan,Terrace | Terrace,Doesn't have,Doesn't have,Tea/Coffee maker,Free WiFi | In all areas,Free on-site parking,English | Russian,Doesn't have,Doesn't have,Doesn't have
image-art,L'image Art Hotel,8.6,Yerevan,Doesn't have,Doesn't have,Doesn't have,Doesn't have,Free WiFi | In all areas,Free on-site parking,English | Russian,Doesn't have,Doesn't have,Doesn't have
rooms-apart-by-red,Rooms Apart Hotel by RED,9.3,Yerevan,Balcony | Terrace,Doesn't have,Doesn't have,Tea/Coffee maker | Minibar,Free WiFi | In all areas,Free on-site parking,English | Armenian | Russian,Doesn't have,Doesn't have,Doesn't have
4guest,4Guest Hotel,9.0,Yerevan,Balcony,Doesn't have,Doesn't have,Tea/Coffee maker | Coffee house on site | Kid-friendly buffet | Kids' meals | Special diet meals (on request),Free WiFi | In all areas,Free on-site parking,English | Russian,Doesn't have,Doesn't have,Doesn't have
villa29,Villa 29,9.1,Yerevan,Doesn't have,Doesn't have,Doesn't have,Tea/Coffee maker | Minibar | Coffee house on site | Fruit | Wine/Champagne | Kids' meals | Special diet meals (on request) | Breakfast in the room,Free WiFi | In all areas,Free on-site parking,Arabic | English | Persian | Georgian | Russian,Doesn't have,Doesn't have,Doesn't have
anga,Anga Yerevan Hotel,8.9,Yerevan,Terrace | Balcony,Doesn't have,Doesn't have,Tea/Coffee maker | Minibar | Restaurant | Bar | Coffee house on site,Free WiFi | In all areas,Free private parking,English | Russian,Hot tub,Doesn't have,Spa tub
central-yerevan,Central Hotel Yerevan,9.0,Yerevan,Doesn't have,Doesn't have,Doesn't have,Minibar | Restaurant | Bar | Coffee house on site | Fruit | Kid-friendly buffet,Free WiFi | In all areas,Free on-site parking,English | Armenian | Russian,Doesn't have,Indoor swimming pool,Doesn't have
gyumri-apart,Major's House Gyumri,9.5,Gyumri,Doesn't have,Doesn't have,Doesn't have,Tea/Coffee maker,Free WiFi | In all areas,Free on-site parking,English | Armenian | Russian,Doesn't have,Doesn't have,Doesn't have
reds-amp-hostel,Red Hotel Yerevan Center,7.6,Yerevan,Terrace | Outdoor dining area | Garden view | Terrace | Picnic area | BBQ facilities,Doesn't have,Doesn't have,Tea/Coffee maker | Minibar | Coffee house on site | Fruit | Wine/Champagne | Kid-friendly buffet | Kids' meals | Snack bar,Free WiFi | In all areas,Free on-site parking,English | Armenian | Russian,Doesn't have,Outdoor swimming pool,Doesn't have
arevatun,Arevatun Dilijan,8.2,Dilijan,Balcony | Outdoor furniture | Outdoor dining area | Garden view | Terrace | Picnic area | BBQ facilities,Doesn't have,Doesn't have,Tea/Coffee maker | Restaurant | Bar | Fruit | Wine/Champagne | Kids' meals | Special diet meals (on request) | Breakfast in the room,Free WiFi | In all areas,Free on-site parking,English | Armenian | Russian,Doesn't have,Doesn't have,Doesn't have
lime-amp-restaurant-complex,Lime Hotel & Restaurant Complex,8.8,Gyumri,Balcony | Garden view | BBQ facilities,Doesn't have,Doesn't have,Tea/Coffee maker | Restaurant | Bar | Fruit | Wine/Champagne | Kids' meals | Special diet meals (on request),Free WiFi | In all areas,Free on-site parking,English | Armenian | Russian,Doesn't have,Doesn't have,Doesn't have
ani-forest-hills-and-resort-dilijan,"Ani Forest Hills Hotel and Resort, Dilijan",8.7,Dilijan,Garden view | Picnic area,Doesn't have,Doesn't have,Restaurant | Bar,Free WiFi | In all areas,Free on-site parking,English | Armenian | Russian,Doesn't have,Indoor swimming pool,Doesn't have
sdhotel-yerevan,SD Hotel,6.7,Yerevan,Balcony | Terrace | Terrace,Doesn't have,Doesn't have,Minibar | Restaurant | Wine/Champagne | Kids' meals | Snack bar | Breakfast in the room,Free WiFi | In all areas,Free parking,cm | English | Armenian | Russian | Chinese,Doesn't have,Doesn't have,Doesn't have
cone-dilizhan,"Cone Hotel Dilijan, By One",8.8,Dilijan,Balcony | Terrace | Garden view | Picnic area,Doesn't have,Doesn't have,Tea/Coffee maker | Restaurant | Bar | Coffee house on site | Wine/Champagne | Kid-friendly buffet | Special diet meals (on request) | Snack bar,Free WiFi | In all areas,Free on-site parking,English | Russian,Doesn't have,Doesn't have,Doesn't have
toon-55,Toon 55 Boutique Hotel,9.6,Gyumri,Balcony | Patio | Terrace | BBQ facilities,Doesn't have,Doesn't have,Coffee house on site | Wine/Champagne | Kids' meals | Breakfast in the room,Free WiFi,Free parking,English | Armenian | Russian,Doesn't have,Doesn't have,Doesn't have
daniel-boutique,Daniel Boutique Hotel,9.4,Yerevan,Balcony | Garden view | Terrace,Doesn't have,Doesn't have,Minibar,Free WiFi | In all areas,Free on-site parking,English | Armenian | Russian,Doesn't have,Doesn't have,Doesn't have
albert-house,Albert House Hotel and Tours,8.9,Yerevan,Balcony | Terrace,Doesn't have,Doesn't have,Tea/Coffee maker | Special diet meals (on request) | Breakfast in the room,Free WiFi | In all areas,Free private parking,English | Georgian | Russian | Ukrainian,Doesn't have,Doesn't have,Doesn't have
mbm-yerevan1,MBM Hotel,7.4,Yerevan,Terrace | Terrace,Doesn't have,Doesn't have,Tea/Coffee maker | Breakfast in the room,Free WiFi | In all areas,Free on-site parking,English | Armenian | Russian,Doesn't have,Doesn't have,Doesn't have
the-house-yerevan,The House Hotel Yerevan,9.4,Yerevan,Doesn't have,Doesn't have,Doesn't have,Tea/Coffee maker | Minibar | Restaurant | Fruit | Wine/Champagne | Kid-friendly buffet | Kids' meals | Snack bar,Free WiFi | In all areas,Free on-site parking,English | French | Armenian | Russian | Ukrainian,Doesn't have,Doesn't have,Doesn't have
cross,Cross Resort Hotel,8.6,Yerevan,Balcony | Terrace | Outdoor furniture | Outdoor dining area | Garden view | Picnic area | BBQ facilities,Doesn't have,Doesn't have,Tea/Coffee maker | Barbecue | Restaurant | Kid-friendly buffet | Snack bar | Breakfast in the room,Free WiFi | In all areas,Free on-site parking,English | Russian,Doesn't have,2 swimming pools,Doesn't have
alaska-resort-tsakhkadzor,Alaska Resort,8.8,Tsaghkadzor,Patio | Terrace | Outdoor furniture | Outdoor dining area | Garden view | Balcony | Picnic area | BBQ facilities,Doesn't have,Doesn't have,Tea/Coffee maker | Minibar | Barbecue | Restaurant | Bar | Fruit | Wine/Champagne | Kid-friendly buffet | Kids' meals | Special diet meals (on request) | Snack bar | Breakfast in the room,Free WiFi | In all areas,Free on-site parking,Czech | English | Armenian | Russian,Hot tub | Sauna,Doesn't have,Doesn't have
marriott-armenia-yerevan,Armenia Marriott Hotel Yerevan,8.2,Yerevan,Doesn't have,Doesn't have,Doesn't have,Tea/Coffee maker | Minibar | Restaurant | Bar | Coffee house on site | Fruit | Wine/Champagne | Kid-friendly buffet | Kids' meals | Special diet meals (on request) | Snack bar | Breakfast in the room,Free WiFi | In all areas,Free on-site parking,Arabic | German | English | Spanish | French | Italian | Russian,Doesn't have,Outdoor swimming pool,Doesn't have
forest-hills,Forest Hills,9.3,Yerevan,Terrace | Balcony | Terrace | Picnic area | BBQ facilities,Doesn't have,Doesn't have,Tea/Coffee maker | Fruit | Wine/Champagne | Kids' meals | Breakfast in the room,Free WiFi,Free on-site parking,English | Armenian | Russian,Doesn't have,Doesn't have,Doesn't have
all-seasons-sevan,All Seasons Sevan,8.9,Sevan,Balcony | Patio | Terrace | Outdoor furniture | Outdoor dining area | Picnic area,Doesn't have,Doesn't have,Tea/Coffee maker | Restaurant | Bar | Kid-friendly buffet | Kids' meals | Special diet meals (on request) | Breakfast in the room,Free WiFi | In all areas,Free on-site parking,English | Russian,Doesn't have,Doesn't have,Doesn't have
yerevan-place,Yerevan Place Hotel,9.1,Yerevan,Balcony | Outdoor furniture,Doesn't have,Doesn't have,Tea/Coffee maker | Minibar | Restaurant | Bar | Coffee house on site | Wine/Champagne | Kids' meals | Special diet meals (on request) | Breakfast in the room,Free WiFi,Free on-site parking,Arabic | English | Armenian | Russian,Doesn't have,Fitness center,Doesn't have
hobby,Hobby Hotel,7.9,Yerevan,Doesn't have,Doesn't have,Doesn't have,Tea/Coffee maker | Minibar | Kid-friendly buffet | Kids' meals,Free WiFi,Doesn't have,English | Russian,Doesn't have,Doesn't have,Doesn't have
forest-1961-boutique-amp-restaurant,Forest 1961 Boutique Hotel & Restaurant,9.8,Vanadzor,Balcony | Garden view | Picnic area,Doesn't have,Doesn't have,Tea/Coffee maker | Minibar | Restaurant | Bar | Breakfast in the room,Free WiFi | In all areas,Free on-site parking,English | Armenian | Russian,Doesn't have,Outdoor swimming pool,Doesn't have
nork,Nork Boutique Hotel,9.3,Yerevan,Balcony | Terrace | Garden view,Doesn't have,Doesn't have,Tea/Coffee maker | Bar | Coffee house on site | Fruit | Wine/Champagne | Snack bar | Breakfast in the room,Free WiFi | In all areas,Doesn't have,English | Persian | Armenian | Russian,Doesn't have,Doesn't have,Doesn't have
a-yerevan,A Hotel Yerevan,8.6,Yerevan,Balcony,Doesn't have,Doesn't have,Minibar | Fruit | Wine/Champagne,Free WiFi | In all areas,Doesn't have,English | French | Armenian | Russian,Doesn't have,Doesn't have,Doesn't have
mini-in-centre,Mini hotel in centre,10.0,Yerevan,Doesn't have,Doesn't have,Doesn't have,Tea/Coffee maker,Free WiFi | In all areas,Doesn't have,English | Hindi | Russian,Doesn't have,Doesn't have,Doesn't have
jazz,JAZZ HOTEL Gyumri,9.4,Gyumri,Balcony | Patio,Doesn't have,Doesn't have,Tea/Coffee maker | Minibar | Restaurant | Restaurant | Bar | Breakfast in the room,Free WiFi | In all areas,Free on-site parking,English | Armenian | Russian,Doesn't have,Doesn't have,Doesn't have
area-yerevan,AREA Hotel Yerevan,8.9,Yerevan,Garden view | Balcony,Doesn't have,Doesn't have,Tea/Coffee maker | Minibar | Restaurant | Bar,Free WiFi,Free parking,English | Russian,Doesn't have,Doesn't have,Doesn't have
diamond-house,Diamond Hotel Yerevan,8.5,Yerevan,Terrace,Doesn't have,Doesn't have,Tea/Coffee maker | Restaurant | Restaurant | Restaurant | Bar | Coffee house on site | Fruit | Wine/Champagne,Free WiFi | In all areas,Parking,English | French | Armenian | Russian,Doesn't have,Doesn't have,Doesn't have
sh-resort-stepanavan6,Sh Resort,,Stepʼanavan,Doesn't have,Doesn't have,Doesn't have,Doesn't have,Doesn't have,Free on-site parking,English | Russian,Doesn't have,Doesn't have,Doesn't have
vardeni-guesthouse,Vardeni Guesthouse,9.5,Hrazdan,Balcony | Garden view | Picnic area | BBQ facilities,Doesn't have,Doesn't have,Restaurant | Bar | Coffee house on site | Fruit | Wine/Champagne | Kid-friendly buffet | Kids' meals | Special diet meals (on request) | Snack bar,Free WiFi | In all areas,Free on-site parking,English | Armenian | Russian,Doesn't have,Fitness center,Doesn't have
new-comfort,Comfort House Hotel,8.1,Yerevan,Patio | Outdoor furniture | Outdoor dining area | Garden view | Terrace | Picnic area | BBQ facilities,Doesn't have,Doesn't have,Coffee house on site | Fruit | Kids' meals | Special diet meals (on request) | Breakfast in the room,Free WiFi | In all areas,Free on-site parking,English | Russian,Doesn't have,Doesn't have,Doesn't have
mist,MIST Boutique Hotel,9.0,Yerevan,Terrace | Outdoor furniture | Outdoor dining area | Garden view | Picnic area,Doesn't have,Doesn't have,Tea/Coffee maker | Minibar | Bar | Wine/Champagne | Kid-friendly buffet | Kids' meals | Special diet meals (on request) | Breakfast in the room,Free WiFi,Free on-site parking,English | Armenian | Russian,Doesn't have,Doesn't have,Doesn't have
al-em,ALEM Hotel,9.3,Yerevan,Garden view,Doesn't have,Doesn't have,Tea/Coffee maker | Bar | Fruit | Wine/Champagne | Breakfast in the room,Free WiFi | In all areas,Free on-site parking,English | Armenian | Russian,Doesn't have,Doesn't have,Doesn't have
manifest-restaurant-and-gyumri,Manifest Restaurant and Hotel Gyumri,9.5,Gyumri,Balcony | Picnic area,Doesn't have,Doesn't have,Tea/Coffee maker | Minibar | Restaurant | Bar | Wine/Champagne,Free WiFi | In all areas,Free parking,English | Russian,Doesn't have,Doesn't have,Doesn't have
pushkin-yerevan-yerevan,Pushkin Hotel Yerevan,7.5,Yerevan,Balcony,Doesn't have,Doesn't have,Doesn't have,Free WiFi | In all areas,Doesn't have,English | Russian,Doesn't have,Doesn't have,Doesn't have
roma,Hotel Roma & Tours,9.1,Yerevan,Picnic area | BBQ facilities,Doesn't have,Doesn't have,Tea/Coffee maker | Minibar | Bar | Coffee house on site | Fruit | Wine/Champagne | Kids' meals | Special diet meals (on request) | Snack bar | Breakfast in the room,Free WiFi | In all areas,Free on-site parking,English | Russian,Hot tub,Indoor swimming pool,Spa tub
wave-boutique,Wave Inn boutique,9.2,Yerevan,Balcony | Terrace | Outdoor furniture | Outdoor dining area | Garden view | Picnic area | BBQ facilities,Doesn't have,Doesn't have,Tea/Coffee maker | Barbecue | Bar | Fruit | Wine/Champagne,Free WiFi | In all areas,Free on-site parking,English | Russian,Hot tub,2 swimming pools,Spa tub
kareno-tsaghkadzor,KareNo Hotel Tsaghkadzor,9.5,Tsaghkadzor,Balcony | Picnic area | BBQ facilities,Doesn't have,Doesn't have,Tea/Coffee maker | Restaurant,Free WiFi,Free on-site parking,English | Armenian | Russian,Skiing,Doesn't have,Doesn't have
black-castle-red-valley-kotayk-province,Black Castle Red Valley,,Sevaberd,Balcony | Outdoor dining area | Picnic area,Doesn't have,Doesn't have,Tea/Coffee maker | Minibar | Barbecue | Restaurant | Bar,Free WiFi | In all areas,Free on-site parking,English | Russian,Sauna,Doesn't have,Doesn't have
multi-grand,Multi Grand Pharaon Hotel,9.0,Yerevan,Balcony | Patio | Terrace | Outdoor furniture | Outdoor dining area | BBQ facilities,Doesn't have,Doesn't have,Tea/Coffee maker | Minibar | Restaurant | Bar | Coffee house on site | Fruit | Wine/Champagne | Kid-friendly buffet | Special diet meals (on request) | Snack bar | Breakfast in the room,Free WiFi | In all areas,Free on-site parking,Arabic | English | Spanish | Armenian | Russian,Hot tub,2 swimming pools,Spa tub
aivazovsky,Aivazovsky Congress Hotel & Spa,9.6,Gyumri,Balcony,Doesn't have,Doesn't have,Tea/Coffee maker | Restaurant | Bar,Free WiFi | In all areas,Free on-site parking,English | Armenian | Russian,Doesn't have,Indoor swimming pool,Doesn't have
dynasty,Dynasty Hotel & SPA,9.5,Yerevan,Balcony,Doesn't have,Doesn't have,Tea/Coffee maker | Restaurant | Bar | Coffee house on site | Wine/Champagne,Free WiFi | In all areas,Free on-site parking,English | Armenian | Russian,Hot tub,Indoor swimming pool,Spa tub
sunset-apart,Sunset Apart-Hotel,8.8,Yerevan,Balcony | Outdoor furniture | Outdoor dining area | Terrace | Terrace,Doesn't have,Doesn't have,Tea/Coffee maker | Minibar | Breakfast in the room,Free WiFi | In all areas,Free on-site parking,English | Russian,Doesn't have,Doesn't have,Doesn't have
bass-hotel-yerevan,Bass Boutique Hotel,7.8,Yerevan,Balcony,Doesn't have,Doesn't have,Tea/Coffee maker | Minibar | Restaurant | Bar | Coffee house on site | Fruit | Wine/Champagne | Special diet meals (on request) | Breakfast in the room,Free WiFi | In all areas,Free on-site parking,English | Armenian | Russian,Hot tub,Doesn't have,Spa tub
hostel-glass-tower,Premium Hotel Yerevan,6.9,Yerevan,Doesn't have,Doesn't have,Doesn't have,Doesn't have,Free WiFi | In all areas,Doesn't have,English | Armenian | Russian,Doesn't have,Doesn't have,Doesn't have
city-house-yerevan,In City Hotel,9.1,Yerevan,Balcony | Terrace | Terrace,Doesn't have,Doesn't have,Tea/Coffee maker,Free WiFi | In all areas,Free on-site parking,English | Russian,Doesn't have,Doesn't have,Doesn't have
baron-boutique-yerevan,Baron Boutique Hotel Yerevan,8.9,Yerevan,Garden view | Terrace,Doesn't have,Doesn't have,Tea/Coffee maker | Minibar | Restaurant | Bar | Fruit | Wine/Champagne | Snack bar,Free WiFi,Doesn't have,Arabic | English | French | Armenian | Russian,Doesn't have,Doesn't have,Doesn't have
yan,YAN HOTEL,7.7,Yerevan,Outdoor dining area | Garden view | Balcony | Terrace | Terrace | Picnic area | BBQ facilities,Doesn't have,Doesn't have,Tea/Coffee maker | Barbecue | Breakfast in the room,Free WiFi | In all areas,Free on-site parking,English | Armenian | Russian,Doesn't have,Doesn't have,Spa tub
central-meghri,Central hotel,8.5,Meghri,Balcony,Doesn't have,Doesn't have,Minibar | Bar,Free WiFi | In all areas,Free on-site parking,Russian,Hot tub,Doesn't have,Spa tub
kambuz-sevan-sevan,Kambuz Hotel Sevan,10.0,Sevan,Balcony | Terrace,Doesn't have,Doesn't have,Restaurant | Wine/Champagne,Free WiFi | In all areas,Free on-site parking,English | Russian,Doesn't have,Doesn't have,Doesn't have
new-casa-boutique,New Casa Boutique Hotel,9.1,Yerevan,Balcony,Doesn't have,Doesn't have,Minibar,Free WiFi | In all areas,Doesn't have,English | Armenian | Russian,Doesn't have,Doesn't have,Doesn't have
ararat-yerevan,Ararat Hotel,7.2,Yerevan,Balcony,Doesn't have,Doesn't have,Minibar | Restaurant | Bar | Fruit | Kid-friendly buffet | Kids' meals | Special diet meals (on request) | Breakfast in the room,Free WiFi,Free parking,English | Russian,Doesn't have,Indoor swimming pool,Doesn't have
qarup-house,QarUp House,9.4,Dilijan,Balcony | Patio | Terrace | Garden view | Picnic area,Doesn't have,Doesn't have,Restaurant | Bar,Free WiFi | In all areas,Free on-site parking,English | Armenian | Russian,Doesn't have,Indoor swimming pool,Doesn't have
mashtots-avenue-yerevan1,Mashtots Avenue Hotel,7.9,Yerevan,Balcony | Garden view,Doesn't have,Doesn't have,Tea/Coffee maker | Minibar | Bar,Free WiFi | In all areas,Free on-site parking,English | Armenian | Russian,Hot tub,Doesn't have,Spa tub
21-rooms,21 Rooms Hotel,9.0,Gyumri,Doesn't have,Doesn't have,Doesn't have,Tea/Coffee maker,Free WiFi,Free on-site parking,English | French | Armenian | Russian,Hot tub,Doesn't have,Spa tub
konyak,Konyak Hotel,8.6,Yerevan,Balcony | Picnic area,Doesn't have,Doesn't have,Tea/Coffee maker | Minibar | Restaurant | Restaurant | Bar | Wine/Champagne | Kid-friendly buffet | Kids' meals | Special diet meals (on request),Free WiFi | In all areas,Free on-site parking,English | Armenian | Russian,Hot tub,Outdoor swimming pool,Doesn't have
luxe-guesthouse,Dililuxe Hotel,7.5,Dilijan,Balcony | Terrace,Doesn't have,Doesn't have,Doesn't have,Free WiFi | In all areas,Doesn't have,English | Armenian | Russian,Doesn't have,Doesn't have,Doesn't have
stay-fit,Nairi Hotel Yerevan,6.3,Yerevan,Doesn't have,Doesn't have,Doesn't have,Bar,Free WiFi | In all areas,Free on-site parking,English | Russian,Doesn't have,Doesn't have,Doesn't have
campus-luxe,New Castle Hotel Yerevan,5.4,Yerevan,Balcony | Terrace,Doesn't have,Doesn't have,Restaurant | Bar,Free WiFi | In all areas,Free on-site parking,English | Russian,Doesn't have,Indoor swimming pool,Doesn't have
paradise-hotel-dilijan,Best Western Plus Paradise Hotel Dilijan,9.3,Dilijan,Balcony,Doesn't have,Doesn't have,Tea/Coffee maker | Minibar | Restaurant | Restaurant | Bar | Coffee house on site | Fruit | Wine/Champagne | Kid-friendly buffet | Kids' meals | Special diet meals (on request) | Snack bar | Breakfast in the room,Free WiFi | In all areas,Free on-site parking,English | Armenian | Russian,Doesn't have,3 swimming pools,Spa tub
ecokayan-boutique-amp-camping,Ecokayan Dilijan Resort Hotel,8.8,Dilijan,Balcony | Outdoor dining area | Garden view | Terrace | Outdoor furniture | Picnic area,Doesn't have,Doesn't have,Restaurant | Bar | Wine/Champagne,Free WiFi | In all areas,Free on-site parking,English | Armenian | Russian,Doesn't have,Doesn't have,Doesn't have
hostel-tatev-yerevan,Tatev Hotel and Tours,9.5,Yerevan,Garden view | Picnic area | BBQ facilities,Doesn't have,Doesn't have,Tea/Coffee maker | Barbecue | Coffee house on site | Breakfast in the room,Free WiFi | In all areas,Free on-site parking,English | Armenian | Russian,Doesn't have,Outdoor swimming pool,Doesn't have
blh,Boutique Living Hotel,8.4,Yerevan,Patio | Outdoor furniture | Outdoor dining area,Doesn't have,Doesn't have,Tea/Coffee maker | Wine/Champagne,Free WiFi | In all areas,Doesn't have,English | Russian,Doesn't have,Doesn't have,Doesn't have
yan-erevan,Yan Hotel Erevan,6.6,Yerevan,Balcony | Terrace | Terrace,Doesn't have,Doesn't have,Tea/Coffee maker,Free WiFi | In all areas,Free on-site parking,English | Russian,Doesn't have,Doesn't have,Doesn't have
old-well,Old Well By VillaVibe,10.0,Tsaghkadzor,Balcony,Doesn't have,Doesn't have,Tea/Coffee maker | Restaurant | Bar | Coffee house on site | Wine/Champagne,Free WiFi | In all areas,Free parking,English | Armenian | Russian,Doesn't have,Doesn't have,Doesn't have
ladas-of-sun,LADA HOTEL - Wine & Gastronomy,9.4,Yeghegnadzor,Balcony | Terrace,Doesn't have,Doesn't have,Restaurant | Bar,Doesn't have,Free on-site parking,English | Russian,Doesn't have,Doesn't have,Doesn't have
apart-otel-nine-rooms,Апарт-отель Nine Rooms,9.5,Yerevan,Doesn't have,Doesn't have,Doesn't have,Tea/Coffee maker,Free WiFi | In all areas,Free on-site parking,English | Armenian | Russian,Doesn't have,Doesn't have,Doesn't have
gs-premium,GS Premium,8.8,Yerevan,Balcony | Garden view | Picnic area | BBQ facilities,Doesn't have,Doesn't have,Minibar | Tea/Coffee maker | Bar | Coffee house on site | Kids' meals | Breakfast in the room,Free WiFi | In all areas,Free on-site parking,English | Armenian | Russian,Hot tub | Sauna,Doesn't have,Spa tub
sky-house-yeghegis-by-arkouda,Sky House Yeghegis,8.9,Yeghegis,Balcony | Terrace | Outdoor furniture | Garden view | Picnic area,Doesn't have,Doesn't have,Restaurant | Bar | Coffee house on site | Wine/Champagne | Kid-friendly buffet,Free WiFi | In all areas,Free on-site parking,English | Russian,Doesn't have,Outdoor swimming pool,Doesn't have
kokik,Kokik Hotel,9.7,Yerevan,Garden view | Terrace,Doesn't have,Doesn't have,Tea/Coffee maker,Free WiFi | In all areas,Doesn't have,English | Russian,Doesn't have,Doesn't have,Doesn't have
aratta-boutique,Ariam Boutique Hotel,8.9,Yerevan,Balcony | Garden view,Doesn't have,Doesn't have,Tea/Coffee maker | Minibar,Free WiFi | In all areas,Doesn't have,Arabic | English | Armenian | Russian,Doesn't have,Doesn't have,Doesn't have
r-amp-r,R&R Hotel,9.1,Yerevan,Picnic area,Doesn't have,Doesn't have,Minibar,Free WiFi | In all areas,Free on-site parking,English | Armenian | Russian,Doesn't have,Doesn't have,Doesn't have
mood,Express Hotel,7.5,Yerevan,Balcony | Outdoor dining area | Terrace,Doesn't have,Doesn't have,Tea/Coffee maker | Fruit,Free WiFi | In all areas,Free on-site parking,English | Russian,Doesn't have,Doesn't have,Doesn't have
luxor-inn,Luxury Inn Hotel Yerevan,3.7,Yerevan,Doesn't have,Doesn't have,Doesn't have,Tea/Coffee maker,Free WiFi | In all areas,Doesn't have,German | English | French | Russian,Doesn't have,Doesn't have,Doesn't have
odzun-boarding-house,Odzun Hotel,9.1,Alaverdi,Balcony | Terrace | Garden view | Picnic area | BBQ facilities,Doesn't have,Doesn't have,Barbecue | Restaurant | Bar | Coffee house on site | Fruit | Wine/Champagne | Kids' meals | Special diet meals (on request) | Snack bar | Breakfast in the room,Free WiFi | In all areas,Free on-site parking,English | Russian,Doesn't have,Outdoor swimming pool,Doesn't have
taniqinn-dilijan-cottages,Taniqinn Dilijan Cottages,9.3,Dilijan,Terrace | Garden view | Balcony | Outdoor furniture,Doesn't have,Doesn't have,Tea/Coffee maker | Minibar | Restaurant | Bar,Free WiFi | In all areas,Free on-site parking,English | Russian,Doesn't have,Doesn't have,Doesn't have
amiryan-6-by-skyline,Amiryan 6 hotel by Skyline,,Yerevan,Balcony,Doesn't have,Doesn't have,Tea/Coffee maker,Free WiFi | In all areas,Free on-site parking,English | Russian,Doesn't have,Doesn't have,Doesn't have
the-alexander,"The Alexander, a Luxury Collection Hotel, Yerevan",9.3,Yerevan,Balcony | Patio | Terrace,Doesn't have,Doesn't have,Tea/Coffee maker | Minibar | Restaurant | Restaurant | Restaurant | Bar | Coffee house on site | Fruit | Kids' meals | Special diet meals (on request) | Breakfast in the room,Free WiFi | In all areas,On-site parking,English | Russian,Doesn't have,Indoor swimming pool,Doesn't have
golden-palace-boutique,Golden Palace Hotel Yerevan,9.4,Yerevan,Balcony,Doesn't have,Doesn't have,Tea/Coffee maker | Minibar | Restaurant | Bar | Fruit | Wine/Champagne | Breakfast in the room,Free WiFi | In all areas,Free on-site parking,English | Armenian | Russian,Sauna,Fitness center,Doesn't have
bestland,Day Inn hotel,7.8,Yerevan,Outdoor dining area | Terrace | Picnic area | BBQ facilities,Doesn't have,Doesn't have,Tea/Coffee maker,Free WiFi | In all areas,Free on-site parking,German | English | French | Russian,Doesn't have,Doesn't have,Doesn't have
aeka-yerevan3,Aeka-hotel,6.9,Yerevan,Doesn't have,Doesn't have,Doesn't have,Tea/Coffee maker,Free WiFi | In all areas,Free on-site parking,English | Russian,Doesn't have,Doesn't have,Doesn't have
primer-yerevan,Primer Hotel,8.4,Yerevan,Balcony,Doesn't have,Doesn't have,Minibar | Restaurant | Bar,Free WiFi | In all areas,Free on-site parking,English | Russian,Doesn't have,Outdoor swimming pool,Doesn't have
new-bella,NEW BELLA HOTEL,8.1,Yerevan,Balcony,Doesn't have,Doesn't have,Restaurant | Bar | Kids' meals,Free WiFi,Free on-site parking,English | Armenian | Georgian | Russian | Turkish,Doesn't have,Fitness center,Doesn't have
7rooms-boutique,7ROOMS boutique hotel,8.9,Yeghegnadzor,Terrace,Doesn't have,Doesn't have,Breakfast in the room,Free WiFi,Free on-site parking,English | Armenian | Russian,Doesn't have,Doesn't have,Doesn't have
the-view,Sweet Home Apart-Hotel,9.3,Yerevan,Balcony | Garden view,Doesn't have,Doesn't have,Tea/Coffee maker | Room service | Grocery deliveries,Free WiFi,Free on-site parking,Arabic | English | Armenian | Russian,Doesn't have,Doesn't have,Doesn't have
myasnikyan-suites,Myasnikyan Suites,9.8,Gyumri,Doesn't have,Doesn't have,Doesn't have,Tea/Coffee maker,Free WiFi | In all areas,Free on-site parking,English | Russian,Doesn't have,Doesn't have,Doesn't have
alpine-castle-dilijan,Alpine Castle Hotel,8.7,Dilijan,Garden view | Terrace | Outdoor dining area,Doesn't have,Doesn't have,Restaurant | Bar,Free WiFi | In all areas,Free on-site parking,English | Armenian | Russian,Doesn't have,Doesn't have,Doesn't have
tesaran-stepanavan,"Tesaran Stepanavan Guest House, Apart Hotel",9.8,Stepʼanavan,Balcony | Terrace | Outdoor dining area | Garden view | Picnic area | BBQ facilities,Doesn't have,Doesn't have,Tea/Coffee maker | Special diet meals (on request) | Breakfast in the room,Free WiFi | In all areas,Free on-site parking,English | Russian,Hot tub,Outdoor swimming pool,Doesn't have
arm-yerevan,Arm Hotel,7.7,Yerevan,Balcony | Terrace | Outdoor furniture | Outdoor dining area | Terrace | BBQ facilities,Doesn't have,Doesn't have,Barbecue,Free WiFi,Free on-site parking,English | Armenian | Russian,Doesn't have,Doesn't have,Doesn't have
glendale-boutique,Glendale Boutique Hotel,9.2,Yerevan,Garden view | Terrace,Doesn't have,Doesn't have,Tea/Coffee maker | Fruit | Wine/Champagne,Free WiFi,Doesn't have,English | Armenian | Russian,Doesn't have,Doesn't have,Doesn't have
dostoevsky-erevan,Dostoevsky Hotel Աղ ու Հաց FOOD COURT,9.0,Pʼarakʼar,Terrace | Outdoor furniture,Doesn't have,Doesn't have,Tea/Coffee maker | Minibar | Restaurant | Bar,Free WiFi | In all areas,Free on-site parking,English | Russian,Doesn't have,Doesn't have,Doesn't have
avangard,Avangard Hotel,,Yerevan,Balcony | Terrace,Doesn't have,Doesn't have,Restaurant | Breakfast in the room,Free WiFi | In all areas,Free on-site parking,English | Russian,Doesn't have,Spa,Doesn't have
zvartnots-airport-parakar,Galstyans Hotel Zvartnots Airport,7.3,Pʼarakʼar,Garden view,Doesn't have,Doesn't have,Tea/Coffee maker,Free WiFi | In all areas,Free on-site parking,English | Russian,Doesn't have,Doesn't have,Doesn't have
cherry-garden-boutique,Cherry Garden Boutique Hotel,9.7,Yeghegnadzor,Patio | Outdoor furniture | Outdoor dining area | Garden view | Balcony | Picnic area | BBQ facilities,Doesn't have,Doesn't have,Tea/Coffee maker | Minibar | Barbecue | Restaurant | Bar | Coffee house on site | Fruit | Wine/Champagne | Kid-friendly buffet | Kids' meals | Special diet meals (on request) | Snack bar,Free WiFi | In all areas,Free on-site parking,English | Armenian | Russian,Doesn't have,Doesn't have,Doesn't have
faria-boutique,Faria Boutique Hotel,8.9,Tsaghkadzor,Balcony,Doesn't have,Doesn't have,Restaurant | Bar | Coffee house on site,Free WiFi | In all areas,Free on-site parking,English | Russian,Skiing,Doesn't have,Doesn't have
prime,Prime Hotel,9.0,Gyumri,Balcony,Doesn't have,Doesn't have,Tea/Coffee maker | Minibar | Restaurant | Bar | Coffee house on site | Fruit | Wine/Champagne | Kid-friendly buffet | Kids' meals | Special diet meals (on request) | Breakfast in the room,Free WiFi | In all areas,Doesn't have,English | Armenian | Russian,Doesn't have,Doesn't have,Doesn't have
dilijaninn-and-restaurant,Dilijan Inn Hotel and Restaurant,8.9,Dilijan,Terrace | Balcony | BBQ facilities,Doesn't have,Doesn't have,Restaurant | Restaurant | Bar | Fruit | Wine/Champagne | Kid-friendly buffet | Kids' meals | Breakfast in the room,Free WiFi,Free on-site parking,English | Armenian | Russian,Doesn't have,Outdoor swimming pool,Doesn't have
hovakimyans-airport,Hovakimyans Hotel And Pool Airport 24 & 7,7.7,Armavir,Balcony | Terrace | Picnic area,Doesn't have,Doesn't have,Tea/Coffee maker | Bar,Free WiFi | In all areas,Free on-site parking,English | Russian,Doesn't have,Outdoor swimming pool,Doesn't have
rose-yerevan,Rose Hotel Yerevan,7.1,Yerevan,Terrace | Outdoor dining area | Garden view,Doesn't have,Doesn't have,Tea/Coffee maker | Minibar,Free WiFi | In all areas,Free on-site parking,English | Russian,Doesn't have,Doesn't have,Doesn't have
ariana-family,Ariana Family Hotel,9.6,Dilijan,Terrace | Outdoor dining area | Balcony,Doesn't have,Doesn't have,Restaurant | Bar,Free WiFi,Free on-site parking,English | Armenian | Russian,Doesn't have,Doesn't have,Doesn't have
hills-resort,Hills Resort Hotel,9.3,Yerevan,Terrace | Outdoor dining area | Balcony | Outdoor furniture,Doesn't have,Doesn't have,Tea/Coffee maker | Minibar | Restaurant | Bar | Coffee house on site | Kid-friendly buffet | Special diet meals (on request) | Breakfast in the room,Free WiFi,Free on-site parking,English | Armenian | Russian,Doesn't have,2 swimming pools,Doesn't have
podium,Podium Boutique Hotel,9.6,Yerevan,Balcony | Terrace | Garden view,Doesn't have,Doesn't have,Tea/Coffee maker | Minibar | Restaurant | Coffee house on site | Fruit | Wine/Champagne | Kid-friendly buffet | Kids' meals | Special diet meals (on request) | Breakfast in the room,Free WiFi | In all areas,Free on-site parking,English | Russian,Doesn't have,Doesn't have,Doesn't have
arsis-family-and-cottages,Taniqinn Dilijan Hotel,9.7,Dilijan,Balcony | Picnic area,Doesn't have,Doesn't have,Tea/Coffee maker | Fruit | Kid-friendly buffet,Free WiFi | In all areas,Doesn't have,English | Armenian | Russian,Doesn't have,Doesn't have,Doesn't have
innwoods,Innwoods Hotel Alaverdi,9.7,Alaverdi,Doesn't have,Doesn't have,Doesn't have,Doesn't have,Free WiFi | In all areas,Free on-site parking,English | Russian,Doesn't have,Doesn't have,Doesn't have
dostoyevsky-evn,Imperial Palace Hotel EVN,8.5,Pʼarakʼar,Doesn't have,Doesn't have,Doesn't have,Bar,Free WiFi | In all areas,Free on-site parking,Russian,Doesn't have,Doesn't have,Doesn't have
monk-house,Phoenix Hotel,8.6,Yerevan,Balcony,Doesn't have,Doesn't have,Tea/Coffee maker | Minibar,Free WiFi | In all areas,Doesn't have,English | Russian,Doesn't have,Doesn't have,Doesn't have
latar-erevan,Latar Hotel Yerevan,8.9,Yerevan,Garden view | Picnic area | BBQ facilities,Doesn't have,Doesn't have,Tea/Coffee maker | Restaurant | Bar | Coffee house on site | Fruit | Wine/Champagne | Kid-friendly buffet | Kids' meals | Special diet meals (on request),Free WiFi | In all areas,Free on-site parking,English | Armenian | Russian,Doesn't have,Outdoor swimming pool,Doesn't have
the-victorian-amp-spa-room-1-yerevan,The Victorian Hotel & Spa Room 1,9.7,Yerevan,Outdoor dining area | Garden view | Picnic area | BBQ facilities,Doesn't have,Doesn't have,Tea/Coffee maker | Barbecue | Coffee house on site | Fruit,Free WiFi,Free on-site parking,English | Russian,Doesn't have,Spa,Doesn't have
dina,DINA,8.6,Sisian,Picnic area | BBQ facilities,Doesn't have,Doesn't have,Restaurant | Coffee house on site | Fruit | Wine/Champagne | Kids' meals | Special diet meals (on request),Free WiFi | In all areas,Free on-site parking,English | Russian,Doesn't have,Outdoor swimming pool,Doesn't have
valley-park-dilijan,Valley Park Dilijan,9.2,Dilijan,Balcony | Picnic area,Doesn't have,Doesn't have,Tea/Coffee maker | Restaurant | Bar | Kid-friendly buffet,Free WiFi | In all areas,Free on-site parking,English | Armenian | Russian,Doesn't have,Doesn't have,Spa tub
x,Hotel X,9.0,Dilijan,Garden view | Balcony | Outdoor furniture | Outdoor dining area | Patio | Terrace | Picnic area | BBQ facilities,Doesn't have,Doesn't have,Tea/Coffee maker | Barbecue,Free WiFi | In all areas,Free on-site parking,English | Armenian | Russian,Doesn't have,Doesn't have,Doesn't have
nane,Nane Hotel,9.7,Gyumri,Doesn't have,Doesn't have,Doesn't have,Restaurant | Restaurant | Restaurant | Bar | Coffee house on site | Wine/Champagne | Kid-friendly buffet | Kids' meals | Special diet meals (on request),Free WiFi | In all areas,Free on-site parking,English | Russian,Doesn't have,Doesn't have,Doesn't have
syune,Syune Mini Hotel,9.9,Gyumri,Patio | Outdoor furniture | Outdoor dining area,Doesn't have,Doesn't have,Doesn't have,Free WiFi,Free on-site parking,English | Armenian | Russian,Doesn't have,Doesn't have,Doesn't have
royal-palace,Royal Palace Hotel,8.9,Vanadzor,Balcony | Terrace,Doesn't have,Doesn't have,Minibar | Fruit | Wine/Champagne | Special diet meals (on request) | Breakfast in the room,Free WiFi | In all areas,Free on-site parking,English | Armenian | Russian,Doesn't have,Fitness center,Doesn't have
cross-apart-hotel,Cross Apartments and Tours,7.3,Yerevan,Balcony | Outdoor furniture | Outdoor dining area | Garden view | Picnic area | BBQ facilities,Doesn't have,Doesn't have,Tea/Coffee maker | Room service | Bar | Wine/Champagne | Kid-friendly buffet | Vending machine (drinks),Free WiFi | In all areas,Free on-site parking,English | Russian,Doesn't have,2 swimming pools,Doesn't have
armenia-vansevan,Armenia VanSevan Hotel,7.2,Sevan,Garden view | Picnic area | BBQ facilities,Doesn't have,Doesn't have,Restaurant | Fruit | Wine/Champagne | Kid-friendly buffet | Kids' meals | Special diet meals (on request) | Breakfast in the room,Free WiFi | In all areas,Free on-site parking,Russian,Doesn't have,Doesn't have,Doesn't have
hrant,Sevanavanq Inn Hotel,8.7,Sevan,Balcony | Terrace | Picnic area,Doesn't have,Doesn't have,Tea/Coffee maker | Restaurant | Bar | Wine/Champagne,Doesn't have,Free on-site parking,English | Russian,Doesn't have,Doesn't have,Doesn't have
kechi-house102-tsakhkadzor,Apartment #102 in aparthotel,8.6,Tsaghkadzor,Balcony | Terrace | Garden view,Doesn't have,Doesn't have,Tea/Coffee maker | Bar,Free WiFi,Free on-site parking,English | Armenian | Russian,Doesn't have,Doesn't have,Doesn't have
fidji,Fidji Hotel,9.3,Yerevan,Doesn't have,Doesn't have,Doesn't have,Tea/Coffee maker | Minibar | Restaurant | Bar | Fruit | Wine/Champagne | Kid-friendly buffet | Kids' meals | Special diet meals (on request) | Snack bar | Breakfast in the room,Free WiFi | In all areas,Free on-site parking,English | Armenian | Russian,Sauna,Doesn't have,Doesn't have
smart,Alex Hotel,8.7,Yerevan,Doesn't have,Doesn't have,Doesn't have,Tea/Coffee maker | Restaurant | Bar | Coffee house on site | Breakfast in the room,Free WiFi | In all areas,Free on-site parking,German | English | Russian,Hot tub,Doesn't have,Doesn't have
sevan-writers-house,Sevan Writers House,7.8,Sevan,Balcony | Terrace | Picnic area | BBQ facilities,Doesn't have,Doesn't have,Restaurant | Coffee house on site | Fruit | Wine/Champagne,Free WiFi,Free on-site parking,English | Russian,Doesn't have,Doesn't have,Doesn't have
emmanuel-yerevan,Emmanuel Hotel Yerevan,9.4,Yerevan,Balcony | Terrace | Terrace,Doesn't have,Doesn't have,Tea/Coffee maker | Fruit,Free WiFi,Doesn't have,English | Russian,Doesn't have,Doesn't have,Doesn't have
forest-alaverdi,Forest Guest House,9.8,Alaverdi,Outdoor dining area | Balcony | Garden view | Picnic area | BBQ facilities,Doesn't have,Doesn't have,Tea/Coffee maker | Minibar | Barbecue | Bar | Wine/Champagne,Free WiFi | In all areas,Free on-site parking,English | Russian,Doesn't have,Outdoor swimming pool,Doesn't have
latorre-yerevan,Latorre,9.0,Yerevan,Balcony,Doesn't have,Doesn't have,Tea/Coffee maker,Doesn't have,Free on-site parking,English | Russian,Doesn't have,Doesn't have,Doesn't have
plaza-viktoria-yerevan-yerevan,Plaza Viktoria Hotel Yerevan,9.5,Yerevan,Doesn't have,Doesn't have,Doesn't have,Doesn't have,Free WiFi | In all areas,Free on-site parking,English | Russian,Doesn't have,Doesn't have,Doesn't have
gladzor-yeghegnadzor,Gladzor Hotel,10.0,Gladzor,Balcony | Terrace,Doesn't have,Doesn't have,Tea/Coffee maker,Free WiFi | In all areas,Free on-site parking,English | Russian,Doesn't have,Doesn't have,Doesn't have
hayasa-old-yerevan,Hayasa Hotel Old Yerevan,8.2,Yerevan,Balcony | Garden view | Terrace,Doesn't have,Doesn't have,Minibar | Bar | Fruit | Wine/Champagne | Kid-friendly buffet | Special diet meals (on request) | Snack bar | Breakfast in the room,Free WiFi | In all areas,Doesn't have,English | Armenian | Russian,Doesn't have,Doesn't have,Doesn't have
multi-grand-resort,Multi Grand Resort,8.9,Tsaghkadzor,Balcony | Terrace,Doesn't have,Doesn't have,Tea/Coffee maker | Restaurant | Restaurant | Bar,Free WiFi | In all areas,Free on-site parking,English | Russian,Doesn't have,Spa | Fitness center,Doesn't have
arba,ARBA hotel,6.7,Yerevan,Balcony | Terrace | Outdoor dining area | Garden view | BBQ facilities,Doesn't have,Doesn't have,Tea/Coffee maker | Barbecue | Bar | Coffee house on site | Snack bar | Breakfast in the room,Free WiFi,Free on-site parking,English | Georgian | Russian,Doesn't have,Swimming pool,Doesn't have
angine-resort,ANGINE Resort Hotel,7.7,Vanadzor,Patio | Terrace | Outdoor furniture | Garden view | Balcony | Outdoor dining area | Picnic area | BBQ facilities,Doesn't have,Doesn't have,Tea/Coffee maker | Restaurant | Fruit | Kids' meals | Special diet meals (on request) | Breakfast in the room,Free WiFi | In all areas,Free on-site parking,English | Armenian | Russian,Doesn't have,Outdoor swimming pool,Doesn't have
ethno,Boutique ETHNO HOTEL,9.4,Gyumri,Balcony | Outdoor furniture | Outdoor dining area,Doesn't have,Doesn't have,Tea/Coffee maker | Minibar | Restaurant | Bar | Coffee house on site | Fruit | Wine/Champagne | Kid-friendly buffet | Kids' meals | Special diet meals (on request) | Snack bar,Free WiFi | In all areas,Free parking,English | Armenian | Russian,Doesn't have,Doesn't have,Doesn't have
verinn-apart,Verinn Apart Hotel,9.6,Dilijan,Balcony,Doesn't have,Doesn't have,Tea/Coffee maker,Free WiFi | In all areas,Free on-site parking,English | Russian,Doesn't have,Doesn't have,Doesn't have
ka-el,Hotel KA-EL,7.2,Musalerr,Patio | Outdoor dining area | Garden view | Balcony | Terrace | Picnic area | BBQ facilities,Doesn't have,Doesn't have,Barbecue | Coffee house on site | Fruit | Wine/Champagne | Special diet meals (on request) | Breakfast in the room,Free WiFi,Free on-site parking,English | Armenian | Russian,Doesn't have,Doesn't have,Doesn't have
yerevan-centre-yerevan1,Yerevan Centre Hotel,7.5,Yerevan,Doesn't have,Doesn't have,Doesn't have,Doesn't have,Free WiFi | In all areas,Doesn't have,English | Russian,Doesn't have,Doesn't have,Doesn't have
zvartnots-airport,Galstyans HOTEL EVN Airport,7.7,Yerevan,Terrace | Terrace,Doesn't have,Doesn't have,Tea/Coffee maker | Restaurant | Bar,Free WiFi | In all areas,Free on-site parking,English | Russian,Doesn't have,Doesn't have,Doesn't have
harutyunyants-hall,Harutyunyants Hall,9.8,Ijevan,Balcony,Doesn't have,Doesn't have,Restaurant,Free WiFi | In all areas,Parking,English | Russian,Doesn't have,Doesn't have,Doesn't have
haleb-complex,Haleb Hotel Complex,9.5,Dilijan,Balcony | Terrace,Doesn't have,Doesn't have,Restaurant,Free WiFi | In all areas,Free on-site parking,Arabic | English | Armenian | Russian | Turkish,Doesn't have,Doesn't have,Doesn't have
station-boutique-gyumri,STATION BOUTIQUE HOTEL,9.1,Gyumri,Balcony | Terrace | Garden view,Doesn't have,Doesn't have,Bar | Fruit | Wine/Champagne | Grocery deliveries,Free WiFi | 55 Mbps,Free on-site parking,English | Italian | Russian,Doesn't have,Doesn't have,Doesn't have
merien-guesthous-18,Merien hotel,8.5,Yerevan,Outdoor dining area | Terrace,Doesn't have,Doesn't have,Tea/Coffee maker,Free WiFi | In all areas,Free on-site parking,English | Armenian | Russian,Doesn't have,Doesn't have,Doesn't have
garden-inn-resort-sevan,Garden Inn Resort Sevan,8.4,Sevan,Balcony | Outdoor furniture | Outdoor dining area | Garden view | Picnic area | BBQ facilities,Doesn't have,Doesn't have,Tea/Coffee maker | Minibar | Restaurant | Room service | Bar | Wine/Champagne | Kids' meals | Special diet meals (on request) | Snack bar | Breakfast in the room,Free WiFi | In all areas,Free on-site parking,English | Armenian | Russian,Doesn't have,Outdoor swimming pool,Doesn't have
corner,The Corner Hotel,8.3,Yerevan,Patio | Picnic area,Doesn't have,Doesn't have,Tea/Coffee maker | Wine/Champagne,Free WiFi | In all areas,Free on-site parking,English | Russian,Doesn't have,Doesn't have,Doesn't have
aprie-boutique,Aprie Boutique Hotel,10.0,Byurakan,Balcony | Terrace | Outdoor dining area | Garden view | BBQ facilities,Doesn't have,Doesn't have,Tea/Coffee maker | Minibar | Barbecue,Free WiFi | In all areas,Free on-site parking,English | Russian,Sauna,Outdoor swimming pool,Doesn't have
elkoaparthotel,Elko Hotel,7.6,Yerevan,Patio | Terrace | Garden view | Balcony | Terrace | Picnic area | BBQ facilities,Doesn't have,Doesn't have,Tea/Coffee maker | Restaurant | Room service | Bar | Coffee house on site | Fruit | Wine/Champagne | Kid-friendly buffet | Kids' meals | Grocery deliveries | Special diet meals (on request) | Packed lunches | Breakfast in the room,Free WiFi,Parking,English | Russian,Doesn't have,Doesn't have,Doesn't have
white-gyumri,WHITE HOTEL GYUMRI,8.9,Gyumri,Balcony,Doesn't have,Doesn't have,Tea/Coffee maker | Restaurant | Breakfast in the room,Free WiFi | In all areas,Free on-site parking,English | Armenian | Russian,Doesn't have,Doesn't have,Doesn't have
aba-resort-gyulagarak3,ABA Resort,8.0,Gyulagarak,Balcony | Garden view | Picnic area,Doesn't have,Doesn't have,Tea/Coffee maker | Barbecue | Bar | Coffee house on site | Fruit | Wine/Champagne | Kids' meals,Doesn't have,Free on-site parking,Russian,Doesn't have,Doesn't have,Doesn't have
city-central-apartment-yerevan1234,City Central Apartment,8.2,Yerevan,Garden view | Balcony,Doesn't have,Doesn't have,Tea/Coffee maker | Restaurant | Coffee house on site,Free WiFi,Doesn't have,English | Armenian | Russian,Doesn't have,Doesn't have,Doesn't have
prime-suites,Prime Suites Hotel,9.4,Yerevan,Balcony,Doesn't have,Doesn't have,Tea/Coffee maker | Minibar | Wine/Champagne,Free WiFi | In all areas,Free on-site parking,English | Russian,Doesn't have,Doesn't have,Doesn't have
chateau-byurakan,Château Byurakan Hotel,8.9,Byurakan,Outdoor dining area | Garden view | Balcony | Terrace | Picnic area,Doesn't have,Doesn't have,Tea/Coffee maker | Restaurant | Restaurant | Bar,Free WiFi | In all areas,Free on-site parking,English | Russian,Sauna,Indoor swimming pool,Spa tub
princ-plaza,Princ Plaza Hotel,8.8,Yerevan,BBQ facilities,Doesn't have,Doesn't have,Minibar | Bar | Special diet meals (on request) | Snack bar | Breakfast in the room,Free WiFi | In all areas,Free on-site parking,English | Russian,Doesn't have,Doesn't have,Spa tub
areni-lodge,Areni Lodge,9.6,Areni,Balcony | Patio | Outdoor furniture | Outdoor dining area | Garden view | Picnic area,Doesn't have,Doesn't have,Tea/Coffee maker | Restaurant | Coffee house on site | Fruit | Wine/Champagne | Kids' meals | Special diet meals (on request) | Snack bar | Breakfast in the room,Free WiFi | In all areas,Free on-site parking,English | Armenian | Russian,Hot tub,Fitness center,Spa tub
zvartnots-erevan1,EVN Hotel Zvartnots,6.2,Yerevan,Terrace,Doesn't have,Doesn't have,Doesn't have,Free WiFi | In all areas,Free on-site parking,English | Russian,Doesn't have,Doesn't have,Doesn't have
baron,Baron Hotel,8.5,Vanadzor,Terrace | Balcony,Doesn't have,Doesn't have,Bar | Coffee house on site | Fruit | Wine/Champagne | Kid-friendly buffet | Kids' meals | Breakfast in the room,Free WiFi | In all areas,Free on-site parking,Russian,Doesn't have,Doesn't have,Doesn't have
lucytour-resort,Lucytour Hotel,9.8,Hermon,Garden view | Balcony | Picnic area,Doesn't have,Doesn't have,Tea/Coffee maker | Restaurant | Fruit | Wine/Champagne | Kids' meals | Special diet meals (on request),Free WiFi,Free on-site parking,English | Russian,Doesn't have,Indoor swimming pool,Doesn't have
friendly-yvn,Hotel Friendly YVN,7.6,Yerevan,Balcony,Doesn't have,Doesn't have,Tea/Coffee maker | Fruit | Wine/Champagne | Breakfast in the room,Free WiFi | In all areas,Free on-site parking,English | Armenian | Russian,Doesn't have,Doesn't have,Doesn't have
opera-house-yerevan7,Partez Hotel,8.1,Yerevan,Balcony | Terrace | Terrace,Doesn't have,Doesn't have,Tea/Coffee maker,Free WiFi | In all areas,Free on-site parking,English | Russian,Doesn't have,Doesn't have,Doesn't have
maru-house,MaRu House,9.9,Dilijan,Balcony | BBQ facilities,Doesn't have,Doesn't have,Tea/Coffee maker | Barbecue | Fruit | Wine/Champagne | Special diet meals (on request) | Breakfast in the room,Free WiFi | In all areas,Free on-site parking,English | Russian,Doesn't have,Doesn't have,Doesn't have
nork-residence-yerevan2,Hotel Nork Residence,7.6,Yerevan,Balcony | Garden view,Doesn't have,Doesn't have,Restaurant | Bar | Wine/Champagne,Free WiFi | In all areas,Free on-site parking,English | Armenian,Doesn't have,Outdoor swimming pool,Doesn't have
nreni-agarak,NRENI HOTEL Agarak-Meghri,,Agarak,Balcony | Garden view,Doesn't have,Doesn't have,Tea/Coffee maker | Bar,Free WiFi | In all areas,Free on-site parking,English | Russian,Doesn't have,Doesn't have,Doesn't have
margaryans-guest-house,MargaryanS hotel,7.5,Yerevan,Doesn't have,Doesn't have,Doesn't have,Tea/Coffee maker | Minibar | Coffee house on site | Snack bar,Free WiFi | In all areas,Free parking,English | Russian,Doesn't have,Doesn't have,Doesn't have
ro-metro,RO METRO,9.2,Gyumri,Doesn't have,Doesn't have,Doesn't have,Tea/Coffee maker | Coffee house on site,Free WiFi | In all areas,Free on-site parking,English | Armenian | Russian,Doesn't have,Doesn't have,Spa tub
forest-cottages-evn,Dream Forest Hotel,8.1,Yerevan,Patio | Terrace | Outdoor furniture | Outdoor dining area | Garden view | Picnic area | BBQ facilities,Doesn't have,Doesn't have,Tea/Coffee maker | Barbecue | Restaurant | Bar | Coffee house on site | Kids' meals,Free WiFi | In all areas,Free on-site parking,English | Armenian | Russian,Hot tub,2 swimming pools,Doesn't have
vale,Vale hotel&restaurant complex,8.6,Gyumri,Balcony | Garden view | BBQ facilities,Doesn't have,Doesn't have,Tea/Coffee maker | Barbecue | Restaurant | Bar | Coffee house on site | Fruit | Kid-friendly buffet | Kids' meals | Special diet meals (on request),Free WiFi | In all areas,Free on-site parking,English | Russian,Doesn't have,Doesn't have,Doesn't have
la-defense,La Defense Hotel Yerevan,8.7,Yerevan,Doesn't have,Doesn't have,Doesn't have,Tea/Coffee maker | Restaurant | Restaurant | Bar | Coffee house on site | Fruit | Wine/Champagne | Kid-friendly buffet | Special diet meals (on request) | Snack bar | Breakfast in the room,Free WiFi | In all areas,Free on-site parking,English | Armenian | Russian,Doesn't have,Indoor swimming pool,Doesn't have
polo,POLO,8.2,Yerevan,Garden view | Picnic area,Doesn't have,Doesn't have,Tea/Coffee maker | Restaurant | Bar | Coffee house on site | Wine/Champagne | Breakfast in the room,Free WiFi,Free on-site parking,Armenian | Russian,Doesn't have,Doesn't have,Doesn't have
friendly,Friendly Hotel,6.9,Yerevan,Balcony | Terrace,Doesn't have,Doesn't have,Tea/Coffee maker | Fruit | Wine/Champagne | Breakfast in the room,Free WiFi | In all areas,Free parking,English | Armenian | Russian,Doesn't have,Doesn't have,Doesn't have
yerevan-kond,Old Yerevan by IGIT,5.7,Yerevan,Terrace | Balcony | Terrace,Doesn't have,Doesn't have,Tea/Coffee maker,Free WiFi | In all areas,Doesn't have,English | Russian,Doesn't have,Doesn't have,Doesn't have
new-york-yerevan-yerevan1,New York Hotel Yerevan,7.0,Yerevan,Doesn't have,Doesn't have,Doesn't have,Restaurant | Bar,Free WiFi | In all areas,Free on-site parking,English | Russian,Doesn't have,Indoor swimming pool,Doesn't have
nana-grand-yerevan,Nana Grand Hotel Yerevan,8.0,Yerevan,Doesn't have,Doesn't have,Doesn't have,Tea/Coffee maker | Restaurant,Free WiFi | In all areas,Free on-site parking,English | ga | Russian,Hot tub,Indoor swimming pool,Doesn't have
boutique-managed-by-keygo,Hotel Estetico Boutique by KeyGo,8.2,Yerevan,Doesn't have,Doesn't have,Doesn't have,Doesn't have,Doesn't have,Doesn't have,English | Russian,Doesn't have,Doesn't have,Doesn't have
31mesrop-mashtots-avenu,31Mesrop Mashtots Avenu,9.6,Yerevan,Balcony,Doesn't have,Doesn't have,Tea/Coffee maker,Free WiFi | In all areas,Free on-site parking,English | Russian,Doesn't have,Doesn't have,Doesn't have
ser-in,Ser In Hotel,8.4,Yerevan,Balcony | Outdoor furniture | Outdoor dining area,Doesn't have,Doesn't have,Tea/Coffee maker | Minibar | Bar,Free WiFi | In all areas,Free on-site parking,English | Russian,Doesn't have,Doesn't have,Doesn't have
abc-yerevan,ABC Yerevan,6.8,Yerevan,Doesn't have,Doesn't have,Doesn't have,Breakfast in the room,Free WiFi | In all areas,Free parking,English | Russian,Doesn't have,Doesn't have,Doesn't have
paxlava-guesthouse-amp-restaurant-dilijan2,Paxlava Dilijan Guesthouse & Restaurant,8.6,Dilijan,Balcony | Patio | Outdoor dining area | Garden view,Doesn't have,Doesn't have,Tea/Coffee maker | Restaurant | Bar,Doesn't have,Free on-site parking,German | English | French | Russian,Doesn't have,Doesn't have,Doesn't have
mashtots-avenue-31,Mashtots Avenue 31,8.7,Yerevan,Balcony,Doesn't have,Doesn't have,Tea/Coffee maker,Free WiFi | In all areas,Free on-site parking,English | Russian,Doesn't have,Doesn't have,Doesn't have
continental-vanadzor,Continental Hotel & Sauna,,Vanadzor,Doesn't have,Doesn't have,Doesn't have,Tea/Coffee maker,Free WiFi | In all areas,Free on-site parking,Russian,Hot tub | Sauna,Doesn't have,Spa tub
kleopatra,A e k a hotel Y V N,4.0,Yerevan,Doesn't have,Doesn't have,Doesn't have,Doesn't have,Free WiFi | In all areas,Free on-site parking,English | Russian,Doesn't have,Doesn't have,Doesn't have
free-shuttle,free shuttle,,Zvartnots International Airport,Terrace,Doesn't have,Doesn't have,Tea/Coffee maker,Free WiFi | In all areas,Free on-site parking,English | Russian,Doesn't have,Doesn't have,Doesn't have
gyumri-gyumri8,Gyumri Hotel,10.0,Gyumri,Balcony | Terrace,Doesn't have,Doesn't have,Restaurant | Bar,Free WiFi | In all areas,Free on-site parking,German | English | French | Russian,Doesn't have,Doesn't have,Doesn't have
ijevan,MV Hotel,,Ijevan,Balcony,Doesn't have,Doesn't have,Tea/Coffee maker,Free WiFi | In all areas,Free on-site parking,Armenian | Russian,Doesn't have,Doesn't have,Doesn't have
budget-rooms-in-yerevan,Budget Hotel Rooms In Yerevan,7.5,Yerevan,Garden view | Terrace | Terrace,Doesn't have,Doesn't have,Tea/Coffee maker | Restaurant | Bar,Free WiFi | In all areas,Free parking,English | Russian,Doesn't have,Doesn't have,Doesn't have
chalet-dilijan-amp-restauarant,CHALET DILIJAN Hotel & Restauarant,9.0,Dilijan,Balcony | Patio | Garden view | Picnic area,Doesn't have,Doesn't have,Tea/Coffee maker | Restaurant | Bar | Coffee house on site | Fruit | Wine/Champagne,Free WiFi | In all areas,Free on-site parking,English | Armenian | Russian,Doesn't have,Doesn't have,Doesn't have
palermo,Palermo Hotel,9.0,Vanadzor,Doesn't have,Doesn't have,Doesn't have,Tea/Coffee maker,Free WiFi,Free on-site parking,Russian,Doesn't have,Doesn't have,Doesn't have
erivar-semyonovka1,Yerivar,8.1,Semyonovka,Balcony | Terrace | Outdoor furniture | Outdoor dining area | Garden view,Doesn't have,Doesn't have,Tea/Coffee maker | Barbecue,Doesn't have,Free on-site parking,Armenian | Russian,Sauna,Doesn't have,Doesn't have
jrvej-plaza,Jrvej Plaza,7.0,Yerevan,Balcony | Terrace | Outdoor dining area | Garden view | Terrace,Doesn't have,Doesn't have,Tea/Coffee maker | Minibar | Bar,Doesn't have,Free on-site parking,English | Russian,Hot tub,Doesn't have,Spa tub
tsahovit,Tsaghkahovit Hotel,8.1,Tsaghkadzor,Garden view | Balcony,Doesn't have,Doesn't have,Barbecue | Restaurant | Bar | Breakfast in the room,Free WiFi | In all areas,Free on-site parking,Armenian | Russian,Doesn't have,Spa,Doesn't have
z-pr,Panorama hotel on Baghramyan avenue,9.1,Yerevan,Balcony,Doesn't have,Doesn't have,Tea/Coffee maker,Free WiFi,Doesn't have,English | Armenian | Russian,Doesn't have,Doesn't have,Doesn't have
life,Hotel Life,6.4,Jermuk,Patio | Terrace | Outdoor dining area | Garden view,Doesn't have,Doesn't have,Tea/Coffee maker,Free WiFi | In all areas,Free on-site parking,English | Armenian | Russian,Doesn't have,Doesn't have,Doesn't have
kechi-house-tsaghkadzor12,"Tsaghkadzor, Alvina Complex Apartment 163",9.0,Tsaghkadzor,Garden view | Picnic area,Doesn't have,Doesn't have,Tea/Coffee maker | Room service | Coffee house on site | Fruit | Wine/Champagne | Kids' meals | Grocery deliveries | Special diet meals (on request) | Packed lunches,Free WiFi,Free parking,English | Russian,Doesn't have,Indoor swimming pool,Doesn't have
sevan-res-up,Sevan Up In,,Aghk'ilisa,Balcony | Terrace | Outdoor dining area,Doesn't have,Doesn't have,Barbecue | Restaurant | Wine/Champagne | Special diet meals (on request),Free WiFi | In all areas,Free on-site parking,Russian,Doesn't have,Outdoor swimming pool,Doesn't have
parvana-ojakh,Parvana Hotel,9.1,Gyumri,Doesn't have,Doesn't have,Doesn't have,Restaurant | Bar | Breakfast in the room,Free WiFi,Free on-site parking,Russian,Doesn't have,Doesn't have,Doesn't have
erebuni-yerevan1,Hotel Erebuni Plaza,7.3,Yerevan,Doesn't have,Doesn't have,Doesn't have,Doesn't have,Free WiFi,Doesn't have,English | Armenian | Russian,Doesn't have,Doesn't have,Doesn't have
imtoon,ImToon,8.8,Dilijan,Balcony | Terrace,Doesn't have,Doesn't have,Restaurant | Bar,Free WiFi,Free on-site parking,English | Russian,Doesn't have,Doesn't have,Doesn't have
honey-boutique,A e k a HOTEL,6.3,Yerevan,Doesn't have,Doesn't have,Doesn't have,Tea/Coffee maker,Doesn't have,Free on-site parking,English | Russian,Doesn't have,Doesn't have,Doesn't have
alvina-complex-tsakhkadzor9,Alvina complex,10.0,Tsaghkadzor,Balcony,Doesn't have,Doesn't have,Tea/Coffee maker,Doesn't have,Free on-site parking,Russian,Doesn't have,Indoor swimming pool,Doesn't have
nirvana-dilijan-armenia,Hotel Nirvana,8.8,Dilijan,Outdoor furniture | Garden view | BBQ facilities,Doesn't have,Doesn't have,Minibar | Barbecue | Restaurant | Bar | Fruit | Wine/Champagne | Special diet meals (on request) | Breakfast in the room,Free WiFi | In all areas,Free on-site parking,English | Armenian | Russian,Doesn't have,Indoor swimming pool,Doesn't have
tsakhkadzor-tsaxkadzor-kechi-house-apartment-300-tsaghkadzor,"Цахкадзор, Tsaxkadzor, Kechi House apartment 300",9.6,Tsaghkadzor,Balcony | Terrace,Doesn't have,Doesn't have,Tea/Coffee maker,Free WiFi | 167 Mbps,Free on-site parking,Russian,Doesn't have,Doesn't have,Doesn't have
art-apart-amp-tours-breakfast-included,Apart 10,7.8,Yerevan,Balcony | Garden view,Doesn't have,Doesn't have,Tea/Coffee maker,Free WiFi | 110 Mbps,Free on-site parking,English | Armenian | Russian,Doesn't have,Doesn't have,Doesn't have
aramyants-castle,Aramyants Castle,9.5,Alaverdi,Terrace | Outdoor furniture | Outdoor dining area | Garden view | Picnic area | BBQ facilities,Doesn't have,Doesn't have,Tea/Coffee maker | Barbecue,Free WiFi | In all areas,Free on-site parking,Armenian | Russian,Doesn't have,Doesn't have,Doesn't have
adami-drakht,Адами драхт,,Garni,Balcony | Outdoor dining area | Garden view,Doesn't have,Doesn't have,Tea/Coffee maker | Barbecue,Free WiFi | In all areas,Free on-site parking,Russian,Doesn't have,Swimming pool,Doesn't have
aragast-sevan,Aragast Hotel & Brewery,9.4,Sevan,Balcony,Doesn't have,Doesn't have,Doesn't have,Free WiFi,Free on-site parking,English | Armenian | Russian,Doesn't have,Doesn't have,Doesn't have
nairi-vanadzor1,Nairi,,Shahumyan,Balcony,Doesn't have,Doesn't have,Bar,Free WiFi | In all areas,Free on-site parking,Russian,Doesn't have,Doesn't have,Spa tub
one-day-yerevan1,One Day Hotel,8.3,Yerevan,Terrace,Doesn't have,Doesn't have,Breakfast in the room,Free WiFi,Free on-site parking,English | Armenian | Russian,Doesn't have,Doesn't have,Doesn't have
ultra-energy-yeghegnadzor,Ultra Energy Hotel,9.8,Yeghegnadzor,Balcony | Patio | Terrace | Garden view | Picnic area,Doesn't have,Doesn't have,Tea/Coffee maker | Minibar,Free WiFi | In all areas,Free on-site parking,English | Russian,Doesn't have,Doesn't have,Doesn't have
fiorella-gyumri,Fiorella Gyumri,9.1,Gyumri,Garden view | Balcony,Doesn't have,Doesn't have,Tea/Coffee maker | Minibar | Coffee house on site | Kids' meals,Free WiFi | In all areas,Free on-site parking,English | Armenian | Russian,Doesn't have,Doesn't have,Spa tub
star-zvartnots,Star Zvartnots Hotel,10.0,Pʼarakʼar,Doesn't have,Doesn't have,Doesn't have,Doesn't have,Free WiFi | In all areas,Free on-site parking,Russian,Doesn't have,Doesn't have,Doesn't have
sargsyan-eco-house,Sargsyan ECO house,9.5,Sevan,Garden view,Doesn't have,Doesn't have,Barbecue,Free WiFi,Free on-site parking,English | Armenian | Russian,Hot tub,Doesn't have,Spa tub
bank,Bank Hotel,9.1,Yeghegnadzor,Balcony | Terrace,Doesn't have,Doesn't have,Kids' meals,Free WiFi | In all areas,Free on-site parking,English | Russian,Doesn't have,Doesn't have,Doesn't have
parvana-guest-house,Parvana Guest House,8.0,Gyumri,Doesn't have,Doesn't have,Doesn't have,Tea/Coffee maker | Restaurant | Bar | Breakfast in the room,Free WiFi | In all areas,Free on-site parking,English | Armenian | Russian,Doesn't have,Doesn't have,Doesn't have
edem,Hotel Edem,9.7,Tsaghkadzor,Garden view | Picnic area,Doesn't have,Doesn't have,Tea/Coffee maker,Free WiFi | In all areas,Free on-site parking,Russian,Skiing,Doesn't have,Doesn't have
bee-planet-center,Bee Planet Garni,10.0,Garni,Balcony | Garden view | Picnic area | BBQ facilities,Doesn't have,Doesn't have,Tea/Coffee maker | Wine/Champagne,Free WiFi,Free on-site parking,English | Armenian | Russian,Doesn't have,Doesn't have,Doesn't have
at-roubos,At Roubo's,8.3,Tsaghkadzor,Balcony | Outdoor dining area | BBQ facilities,Doesn't have,Doesn't have,Tea/Coffee maker | Restaurant | Wine/Champagne | Kids' meals | Special diet meals (on request) | Snack bar | Breakfast in the room,Free WiFi,Free on-site parking,French | Russian,Skiing,Doesn't have,Spa tub
lux-apart,Apart-hotel Magestic EVN Airport,6.2,Pʼarakʼar,Doesn't have,Doesn't have,Doesn't have,Doesn't have,Free WiFi,Free parking,English | Russian,Doesn't have,Doesn't have,Doesn't have
hovakimyans,Hovakimyans Hotel And Pool 24 & 7,9.0,Pʼarakʼar,Balcony | Picnic area,Doesn't have,Doesn't have,Tea/Coffee maker | Bar | Coffee house on site | Fruit | Breakfast in the room,Free WiFi | In all areas,Free on-site parking,English | Russian,Doesn't have,Outdoor swimming pool,Doesn't have
gyumri-moderna,Gyumri Moderna,10.0,Gyumri,Balcony | Terrace | Garden view,Doesn't have,Doesn't have,Tea/Coffee maker,Free WiFi | In all areas,Free on-site parking,English | Russian,Doesn't have,Doesn't have,Doesn't have
am-yerevan1,AM Hotel Yerevan,9.0,Yerevan,Terrace | Terrace,Doesn't have,Doesn't have,Tea/Coffee maker,Free WiFi | In all areas,Free on-site parking,English | Armenian | Russian,Doesn't have,Doesn't have,Doesn't have
angel-bagratashen1,Hotel Angel,7.5,Bagratashen,Doesn't have,Doesn't have,Doesn't have,Doesn't have,Doesn't have,Free on-site parking,English | Russian,Doesn't have,Doesn't have,Doesn't have
anna-maria-alaverdi3,Anna Maria Hotel,7.7,Alaverdi,Terrace,Doesn't have,Doesn't have,Tea/Coffee maker,Free WiFi | In all areas,Free parking,Greek | English | Russian,Doesn't have,Doesn't have,Doesn't have
garun-gyumri,Garun Hotel,10.0,Gyumri,Garden view,Doesn't have,Doesn't have,Bar,Free WiFi | In all areas,Free on-site parking,Russian,Doesn't have,Doesn't have,Doesn't have
otel-auroom-vanadzor,Отель AuRoom Ванадзор,9.7,Vanadzor,Balcony | BBQ facilities,Doesn't have,Doesn't have,Tea/Coffee maker | Minibar | Bar | Wine/Champagne | Breakfast in the room,Free WiFi | In all areas,Free on-site parking,English | Armenian | Russian,Doesn't have,Doesn't have,Doesn't have
in-alaverdi,HOTEL in Alaverdi,9.4,Alaverdi,Balcony | Terrace | Picnic area | BBQ facilities,Doesn't have,Doesn't have,Tea/Coffee maker | Coffee house on site | Fruit | Wine/Champagne | Kid-friendly buffet | Kids' meals | Special diet meals (on request) | Breakfast in the room,Free WiFi | In all areas,Free on-site parking,English | Russian,Doesn't have,Doesn't have,Doesn't have
orsetto-sevan1,Orsetto,7.0,Sevan,Doesn't have,Doesn't have,Doesn't have,Restaurant | Bar,Free WiFi | In all areas,Free on-site parking,English | Russian,Doesn't have,Doesn't have,Doesn't have
dzor-house-yerevan1,Dzor house,,Yerevan,Balcony | Terrace,Doesn't have,Doesn't have,Doesn't have,Doesn't have,Doesn't have,English | French,Doesn't have,Doesn't have,Doesn't have
miassine-boutique,Miassine Boutique Hotel,8.2,Gyumri,Doesn't have,Doesn't have,Doesn't have,Kids' meals,Free WiFi | In all areas,Free on-site parking,English | French | Russian,Doesn't have,Doesn't have,Doesn't have
sevan-garden-complex,Sevan Garden Complex,8.2,Sevan,Outdoor dining area | Garden view,Doesn't have,Doesn't have,Tea/Coffee maker | Barbecue | Restaurant | Breakfast in the room,Free WiFi | In all areas,Free on-site parking,English | Russian,Doesn't have,Doesn't have,Doesn't have
ghonakh-guesthouse,Ghonakh Guesthouse,9.7,Gyumri,Balcony | Patio | Terrace,Doesn't have,Doesn't have,Tea/Coffee maker,Free WiFi | In all areas,Free on-site parking,English | Russian,Doesn't have,Doesn't have,Doesn't have
palazzo-yerevan,Palazzo Hotel,5.5,Yerevan,Doesn't have,Doesn't have,Doesn't have,Restaurant | Bar,Free WiFi,Free on-site parking,English | Russian,Doesn't have,Doesn't have,Doesn't have
sochiner-vanadzor1,Sochiner Hotel,8.4,Vanadzor,Balcony | Patio | Terrace | Outdoor furniture | Outdoor dining area | Garden view,Doesn't have,Doesn't have,Tea/Coffee maker | Barbecue,Free WiFi | In all areas,Free on-site parking,Russian,Doesn't have,Doesn't have,Doesn't have
grig,Hotel Grig,9.1,Yerevan,Terrace | BBQ facilities,Doesn't have,Doesn't have,Tea/Coffee maker | Breakfast in the room,Free WiFi | In all areas,Free on-site parking,English | Russian,Doesn't have,Doesn't have,Doesn't have
ppls,PPLs,,Dilijan,Doesn't have,Doesn't have,Doesn't have,Doesn't have,Free WiFi | In all areas,Free parking,English | Russian,Doesn't have,Doesn't have,Doesn't have
anush-jermuk,Anush Hotel,,Jermuk,Balcony,Doesn't have,Doesn't have,Bar,Free WiFi | In all areas,Free on-site parking,English | Russian,Doesn't have,Doesn't have,Doesn't have
za-house,ZA house,10.0,Yerevan,Balcony,Doesn't have,Doesn't have,Doesn't have,Doesn't have,Doesn't have,English,Doesn't have,Doesn't have,Doesn't have
belleville,Lot Hotel,7.7,Ijevan,Balcony | Terrace | Picnic area,Doesn't have,Doesn't have,Doesn't have,Free WiFi | In all areas,Free on-site parking,English | French | Armenian | Russian,Doesn't have,Doesn't have,Doesn't have
edem-b-amp-b-areni,Edem B&B,9.0,Areni,Balcony | Terrace,Doesn't have,Doesn't have,Restaurant | Bar,Free WiFi | In all areas,Free on-site parking,English | Russian,Doesn't have,Doesn't have,Doesn't have
vn-vanadzor,VN Hotel Vanadzor,8.4,Vanadzor,Garden view | Picnic area | BBQ facilities,Doesn't have,Doesn't have,Tea/Coffee maker | Bar | Coffee house on site | Fruit | Wine/Champagne | Kid-friendly buffet | Kids' meals | Special diet meals (on request) | Snack bar | Breakfast in the room,Free WiFi,Free on-site parking,English | Russian,Hot tub,Spa,Doesn't have
evva-gyumri,EVVA Hotel Gyumri,10.0,Gyumri,Balcony,Doesn't have,Doesn't have,Tea/Coffee maker,Free WiFi,Free private parking,English | Armenian | Russian,Doesn't have,Doesn't have,Doesn't have
near-republic-squere,Near Republic Squere,3.0,Yerevan,Balcony,Doesn't have,Doesn't have,Tea/Coffee maker | Restaurant | Coffee house on site | Breakfast in the room,Doesn't have,Doesn't have,English | Armenian | Russian,Doesn't have,Doesn't have,Doesn't have
anush-sisian,Anush,,Sisian,Doesn't have,Doesn't have,Doesn't have,Tea/Coffee maker,Free WiFi,Free on-site parking,English | Russian,Doesn't have,Doesn't have,Doesn't have
dilichella-resort,Dilichella Resort,,Dilijan,Terrace | Balcony | Picnic area,Doesn't have,Doesn't have,Restaurant | Bar,Free WiFi | In all areas,Free on-site parking,English | Armenian | Russian,Doesn't have,Doesn't have,Doesn't have
aparan-house-aparan,Aparan HOUSE,,Aparan,Balcony | Terrace,Doesn't have,Doesn't have,Tea/Coffee maker,Free WiFi | In all areas,Free on-site parking,English | Russian,Doesn't have,Doesn't have,Spa tub
lakeside-dilijan,Lakeside Dilijan,,Dilijan,Balcony | Terrace,Doesn't have,Doesn't have,Tea/Coffee maker | Bar,Free WiFi | In all areas,Doesn't have,English | Russian,Doesn't have,Doesn't have,Doesn't have
loft-inn-ijevan,Loft Inn Ijevan,9.0,Ijevan,Doesn't have,Doesn't have,Doesn't have,Doesn't have,Free WiFi | In all areas,Free private parking,English | Russian,Doesn't have,Doesn't have,Doesn't have
jasmin-artashat,Jasmin,7.4,Artashat,Balcony | BBQ facilities,Doesn't have,Doesn't have,Minibar | Bar | Wine/Champagne | Breakfast in the room,Free WiFi,Free on-site parking,Armenian | Russian,Doesn't have,Doesn't have,Doesn't have
university-tsakhkadzor,University Hotel Tsakhkadzor,8.1,Tsaghkadzor,Picnic area,Doesn't have,Doesn't have,Doesn't have,Free WiFi | In all areas,Free on-site parking,English | Armenian | Russian,Skiing,Doesn't have,Doesn't have
verin-apart-dilijan,Real Estate Dilijan,,Aghk'ilisa,Doesn't have,Doesn't have,Doesn't have,Tea/Coffee maker,Free WiFi | In all areas,Free on-site parking,English | Russian,Doesn't have,Doesn't have,Doesn't have
gegama-otel,Гегама отель,,Hayravankʼ,Balcony | Terrace,Doesn't have,Doesn't have,Doesn't have,Doesn't have,Free on-site parking,Russian,Doesn't have,Spa,Doesn't have
dilijan-old-center-dilijan2,Hotel Dilijan Old Center,,Aghk'ilisa,Balcony,Doesn't have,Doesn't have,Restaurant,Free WiFi | In all areas,Doesn't have,Doesn't have,Doesn't have,Doesn't have,Doesn't have
tsaghkadzor,Marrone Hotel Tsaghkadzor,8.8,Tsaghkadzor,Patio | Terrace | Outdoor furniture | Outdoor dining area | Garden view | Balcony | Picnic area | BBQ facilities,Doesn't have,Doesn't have,Tea/Coffee maker | Minibar | Barbecue | Bar | Coffee house on site | Fruit | Wine/Champagne | Kid-friendly buffet | Kids' meals | Special diet meals (on request) | Snack bar | Breakfast in the room,Free WiFi | In all areas,Free on-site parking,English | French | Russian,Hot tub,Indoor swimming pool,Doesn't have
mayisyan-kamurdj,Mayisyan Kamurj Hotel,9.3,Ijevan,Balcony | Outdoor dining area | Garden view | BBQ facilities,Doesn't have,Doesn't have,Tea/Coffee maker | Restaurant | Bar | Coffee house on site | Fruit | Wine/Champagne | Breakfast in the room,Free WiFi | In all areas,Free on-site parking,English | Russian,Doesn't have,Outdoor swimming pool,Doesn't have
new-apart-magectic-evn-airport,Apart-Hotel Vasilisa EVN Airport,7.2,Pʼarakʼar,Doesn't have,Doesn't have,Doesn't have,Doesn't have,Free WiFi,Free parking,English | Spanish | ga | Armenian | Russian,Doesn't have,Doesn't have,Doesn't have
edem-sevan,EDEM SEVAN,7.7,Sevan,Terrace | Outdoor furniture | Outdoor dining area | Garden view,Doesn't have,Doesn't have,Restaurant | Coffee house on site | Fruit | Wine/Champagne | Kid-friendly buffet | Kids' meals,Free WiFi,Free on-site parking,English | Armenian | Russian,Doesn't have,Doesn't have,Doesn't have
narek-garden,Narek Garden,,Sevan,Balcony | Terrace,Doesn't have,Doesn't have,Tea/Coffee maker | Bar,Free WiFi | In all areas,Free on-site parking,German | English | French | Russian,Doesn't have,Fitness center,Spa tub
gold-gyumri1,Hotel Gold,6.3,Gyumri,Balcony | Patio | Terrace | Outdoor furniture | Outdoor dining area | Garden view | BBQ facilities,Doesn't have,Doesn't have,Tea/Coffee maker | Minibar | Barbecue | Restaurant | Bar | Coffee house on site | Fruit | Wine/Champagne | Kid-friendly buffet | Kids' meals | Special diet meals (on request),Free WiFi | In all areas,Free on-site parking,Armenian | Russian,Doesn't have,Doesn't have,Spa tub
ama-yerevan,ASA Hotel,9.5,Yerevan,Doesn't have,Doesn't have,Doesn't have,Doesn't have,Free WiFi,Free on-site parking,English | Armenian | Russian,Doesn't have,Doesn't have,Doesn't have
wishwell,Crown hostel,1.0,Yerevan,Doesn't have,Doesn't have,Doesn't have,Bar,Free WiFi | In all areas,Free on-site parking,German | English | Russian,Doesn't have,Doesn't have,Doesn't have
villa-grig,GRIG Villa & Hotel,,Stepʼanavan,Patio | Terrace | Outdoor furniture | Garden view | Balcony,Doesn't have,Doesn't have,Tea/Coffee maker | Restaurant | Bar,Free WiFi | In all areas,Free on-site parking,English | Russian,Doesn't have,Doesn't have,Spa tub
mirage,Mirage Hotel,9.4,Yerevan,Doesn't have,Doesn't have,Doesn't have,Minibar | Bar | Coffee house on site | Fruit | Wine/Champagne | Breakfast in the room,Free WiFi | In all areas,Free on-site parking,English | Russian,Doesn't have,Doesn't have,Doesn't have
al,AL hotel,,Yerevan,Balcony | Terrace | Terrace | Picnic area | BBQ facilities,Doesn't have,Doesn't have,Tea/Coffee maker,Free WiFi | In all areas,Free on-site parking,German | English | French | Russian,Doesn't have,Doesn't have,Doesn't have
sevan-backstage-garden,Sevan Backstage Garden,8.7,Sevan,Patio | Outdoor furniture | Garden view | Picnic area | BBQ facilities,Doesn't have,Doesn't have,Tea/Coffee maker | Barbecue | Kids' meals | Special diet meals (on request) | Breakfast in the room,Free WiFi | In all areas,Free on-site parking,English | Armenian | Russian,Doesn't have,Doesn't have,Doesn't have
lori-on-tumanyan-vanadzor,ValDa Hotel on TUMANYAN,7.7,Vanadzor,Balcony,Doesn't have,Doesn't have,Tea/Coffee maker | Bar,Free WiFi,Free on-site parking,English | Armenian | Russian,Doesn't have,Doesn't have,Doesn't have
shamb,Shamb Hotel,9.3,Sisian,Doesn't have,Doesn't have,Doesn't have,Bar,Doesn't have,Free on-site parking,Russian,Doesn't have,Doesn't have,Doesn't have
armenian-inn-yerevan,Armenian Inn,8.3,Yerevan,Doesn't have,Doesn't have,Doesn't have,Doesn't have,Doesn't have,Free on-site parking,English | Russian,Doesn't have,Doesn't have,Doesn't have
azat-toon-garni3,Azat - Toon,,Garni,Balcony | Patio | Terrace | Outdoor furniture | Outdoor dining area | Garden view | Picnic area,Doesn't have,Doesn't have,Barbecue | Tea/Coffee maker | Bar,Free WiFi | In all areas,Free on-site parking,German | English | Russian,Sauna,2 swimming pools,Doesn't have
felisa-gyumri-gyumri,Hotel Felisa Gyumri,7.7,Gyumri,Balcony,Doesn't have,Doesn't have,Tea/Coffee maker | Bar | Kid-friendly buffet,Free WiFi,Free on-site parking,English | Russian,Doesn't have,Doesn't have,Doesn't have
eco-aura-vardenis,Eco Aura Areguni,8.8,Vardenis,Garden view,Doesn't have,Doesn't have,Tea/Coffee maker | Barbecue,Doesn't have,Free on-site parking,German | English | Armenian | Russian | Ukrainian,Doesn't have,Doesn't have,Doesn't have
dilbo-house,Dilbo House,9.8,Dilijan,Patio | Outdoor dining area | Garden view | Picnic area | BBQ facilities,Doesn't have,Doesn't have,Tea/Coffee maker | Special diet meals (on request) | Breakfast in the room,Free WiFi,Free on-site parking,German | English | Russian,Doesn't have,Doesn't have,Doesn't have
tsahjkashen,"Wooden villa with superpool and sauna, 30 min from Yerevan",9.5,Tsakhkashen,Balcony | Patio | Terrace | Outdoor furniture | Garden view | Picnic area | BBQ facilities,Doesn't have,Doesn't have,Tea/Coffee maker | Barbecue | Bar,Free WiFi | In all areas,Free on-site parking,German | English | French | Russian,Sauna,Indoor swimming pool,Doesn't have
avan-marak-tsapatagh,Tufenkian Avan Marak Tsapatagh Hotel,9.0,Kzylkʼend,Balcony | BBQ facilities,Doesn't have,Doesn't have,Tea/Coffee maker | Restaurant | Bar | Coffee house on site | Fruit | Wine/Champagne | Special diet meals (on request),Free WiFi | In all areas,Free on-site parking,English | Russian,Doesn't have,Outdoor swimming pool,Doesn't have
shirak-hotel-yerevan,Shirak Hotel,7.2,Yerevan,Garden view | Balcony,Doesn't have,Doesn't have,Minibar | Tea/Coffee maker | Restaurant | Bar | Fruit | Wine/Champagne,Free WiFi,Doesn't have,English | Armenian | Russian,Doesn't have,Doesn't have,Doesn't have
street-in-buzand,Republic Square In Hotel California,7.2,Yerevan,Outdoor furniture | Terrace,Doesn't have,Doesn't have,Tea/Coffee maker,Free WiFi | In all areas,Free on-site parking,English | Russian,Doesn't have,Doesn't have,Doesn't have
dilivita-rest-house,DiliVita Rest House,9.8,Dilijan,Balcony | Patio | Outdoor furniture | Outdoor dining area | Garden view | Terrace | Picnic area,Doesn't have,Doesn't have,Tea/Coffee maker | Minibar | Restaurant | Coffee house on site | Wine/Champagne | Kid-friendly buffet | Kids' meals | Special diet meals (on request) | Snack bar | Breakfast in the room,Free WiFi | In all areas,Free on-site parking,English | Armenian | Russian,Sauna,Doesn't have,Doesn't have
palma-palace,Palma Palace Hotel,8.7,Yerevan,Garden view,Doesn't have,Doesn't have,Restaurant | Bar | Fruit | Wine/Champagne | Kid-friendly buffet | Kids' meals | Special diet meals (on request),Free WiFi | In all areas,Free on-site parking,English | Spanish | Armenian | Russian,Hot tub | Sauna,Doesn't have,Doesn't have
apartment-for-rent-erevan,Apart hotel Alex,9.5,Yerevan,Balcony | Outdoor dining area | BBQ facilities,Doesn't have,Doesn't have,Tea/Coffee maker | Barbecue,Free WiFi,Free on-site parking,English | Russian,Doesn't have,Doesn't have,Doesn't have
soho-centre,SOHO Hotel City Centre,8.0,Yerevan,Balcony,Doesn't have,Doesn't have,Tea/Coffee maker | Wine/Champagne,Free WiFi | In all areas,Doesn't have,English | Russian,Doesn't have,Doesn't have,Doesn't have
downtown-suites-yerevan-yerevan1,Downtown Suites Yerevan,9.3,Yerevan,Outdoor furniture,Doesn't have,Doesn't have,Tea/Coffee maker | Restaurant | Bar | Coffee house on site | Wine/Champagne | Kid-friendly buffet | Special diet meals (on request) | Breakfast in the room,Free WiFi,Private parking,English | Russian,Doesn't have,Doesn't have,Doesn't have
capital-yerevan,Capital Hotel,8.2,Yerevan,Balcony,Doesn't have,Doesn't have,Restaurant | Breakfast in the room,Free WiFi | In all areas,Doesn't have,English | Armenian | Russian,Doesn't have,Outdoor swimming pool,Doesn't have
lovely-in-centre,Lovely Hotel in Centre,7.0,Yerevan,Doesn't have,Doesn't have,Doesn't have,Coffee house on site | Fruit | Wine/Champagne | Kids' meals | Special diet meals (on request) | Breakfast in the room,Free WiFi | In all areas,Doesn't have,English | Russian,Doesn't have,Doesn't have,Doesn't have
olive-yerevan,Olive hotel,7.9,Yerevan,Outdoor furniture,Doesn't have,Doesn't have,Tea/Coffee maker | Restaurant | Bar | Coffee house on site,Free WiFi | In all areas,Free on-site parking,English | Armenian | Russian,Doesn't have,Doesn't have,Doesn't have
tropica-inn,Tropica Inn Hotel,7.7,Yerevan,Doesn't have,Doesn't have,Doesn't have,Bar | Coffee house on site | Special diet meals (on request) | Snack bar,Free WiFi | In all areas,Doesn't have,English | Russian,Doesn't have,Doesn't have,Doesn't have
tumo-39-s,Tomu's Hotel,8.3,Gyumri,Terrace,Doesn't have,Doesn't have,Tea/Coffee maker | Minibar | Restaurant,Free WiFi | In all areas,Free parking,English | Russian,Doesn't have,Doesn't have,Doesn't have
vmod,V.MOD Hotel,9.3,Yerevan,Doesn't have,Doesn't have,Doesn't have,Tea/Coffee maker | Minibar | Restaurant | Bar | Kids' meals,Free WiFi,Free on-site parking,English | French | Armenian | Russian,Sauna,Outdoor swimming pool,Doesn't have
berlin-art,Berlin ART Hotel,9.1,Gyumri,Garden view | Picnic area | BBQ facilities,Doesn't have,Doesn't have,Restaurant | Bar | Fruit | Wine/Champagne | Kid-friendly buffet | Kids' meals | Special diet meals (on request) | Breakfast in the room,Free WiFi | In all areas,Free on-site parking,German | English | Russian,Doesn't have,Doesn't have,Doesn't have
blur-inn-gallery,Blur Inn Gallery,9.5,Yerevan,Garden view | BBQ facilities,Doesn't have,Doesn't have,Tea/Coffee maker | Restaurant | Kids' meals | Special diet meals (on request) | Breakfast in the room,Free WiFi | In all areas,Free parking,English | Armenian | Russian,Doesn't have,Doesn't have,Doesn't have
sevan-em-yu,Sevan EM & YU,9.0,Sevan,Balcony | Terrace | Outdoor dining area | Garden view,Doesn't have,Doesn't have,Tea/Coffee maker,Free WiFi | In all areas,Free on-site parking,Russian,Doesn't have,Doesn't have,Doesn't have
tat-ewi-kirch-gorge-of-tatev,Տաթևի կիրճ Gorge of Tatev,,Tatʼev,Balcony | Picnic area,Doesn't have,Doesn't have,Doesn't have,Doesn't have,Free on-site parking,Russian,Doesn't have,Outdoor swimming pool,Doesn't have
sona-boutique-resort,Sona Boutique Resort,3.0,Ashtarak,Balcony | Patio | Terrace | Garden view | Picnic area | BBQ facilities,Doesn't have,Doesn't have,Tea/Coffee maker | Bar | Restaurant | Fruit | Wine/Champagne | Kid-friendly buffet | Kids' meals | Special diet meals (on request) | Snack bar,Free WiFi | In all areas,Free on-site parking,English | Armenian | Russian,Doesn't have,2 swimming pools,Doesn't have
arevatsakhik-podsolnukh-sunflower,"Аревацахик Подсолнух, Sunflower",,Vanadzor,Balcony | Terrace,Doesn't have,Doesn't have,Tea/Coffee maker,Doesn't have,Free on-site parking,English | Russian,Doesn't have,Doesn't have,Doesn't have
moon-inn-sevan,Moon inn Sevan Resort,9.0,Sevan,Balcony | Terrace | Outdoor dining area | Garden view,Doesn't have,Doesn't have,Tea/Coffee maker | Minibar,Free WiFi,Free on-site parking,English | Armenian | Russian,Private beach area,Doesn't have,Doesn't have
sheldon-yerevan,Sheldon Hotel,,Yerevan,Doesn't have,Doesn't have,Doesn't have,Tea/Coffee maker,Free WiFi | In all areas,Doesn't have,English | Russian,Doesn't have,Doesn't have,Doesn't have
heritage-of-alluria-dilizhan1,Heritage of Alluria,5.7,Dilijan,Balcony | Terrace | Outdoor dining area,Doesn't have,Doesn't have,Tea/Coffee maker,Free WiFi | In all areas,Free on-site parking,English | Armenian | Russian,Doesn't have,Doesn't have,Doesn't have
makara-resort,Makara Resort,10.0,Ijevan,Balcony | Terrace | Garden view,Doesn't have,Doesn't have,Restaurant,Free WiFi | In all areas,Free on-site parking,English | Armenian | Russian,Sauna,Doesn't have,Doesn't have
chechakar-boutique,Chechakar Boutique Hotel,,Ditavan,Balcony,Doesn't have,Doesn't have,Restaurant,Doesn't have,Free parking,English | Russian,Doesn't have,Doesn't have,Doesn't have
old-house-residence-amp-restaurant,Old House Residence Aghveran & Restaurant,,Arzakan,Doesn't have,Doesn't have,Doesn't have,Tea/Coffee maker | Restaurant | Bar,Free WiFi | In all areas,Free on-site parking,Armenian | Russian,Doesn't have,Doesn't have,Doesn't have
aragats,Aragats Hotel,7.8,Aragats,Outdoor furniture | Garden view | Picnic area | BBQ facilities,Doesn't have,Doesn't have,Tea/Coffee maker | Minibar | Barbecue | Restaurant | Bar | Coffee house on site | Fruit | Wine/Champagne | Kid-friendly buffet | Special diet meals (on request),Free WiFi | In all areas,Free on-site parking,English | Armenian | Russian,Doesn't have,Indoor swimming pool,Doesn't have
erebuni,Erebuni Hotel Yerevan,8.9,Yerevan,Balcony,Doesn't have,Doesn't have,Tea/Coffee maker | Minibar | Bar | Fruit | Wine/Champagne | Snack bar,Free WiFi | In all areas,Free parking,English | Russian,Doesn't have,Doesn't have,Doesn't have
paris-yerevan,Paris Hotel Yerevan,9.1,Yerevan,Garden view | Balcony | Terrace | Outdoor furniture,Doesn't have,Doesn't have,Tea/Coffee maker | Minibar | Restaurant | Bar | Wine/Champagne,Free WiFi | In all areas,Doesn't have,Arabic | German | English | French | Polish | Russian,Doesn't have,Fitness center,Doesn't have
ecolife-lodge-stepanavan1,EcoLife Lodge Hotel & Restaurant,9.6,Stepʼanavan,Terrace | Outdoor furniture | Garden view | Balcony | Picnic area,Doesn't have,Doesn't have,Tea/Coffee maker | Restaurant | Room service | Coffee house on site | Wine/Champagne,Free WiFi | In all areas,Free on-site parking,English | Armenian | Russian,Doesn't have,Doesn't have,Doesn't have
armenian-camp,"Armenian Camp, Sevan",9.0,Artanish,Balcony | Outdoor furniture | Outdoor dining area | Garden view | Picnic area | BBQ facilities,Doesn't have,Doesn't have,Restaurant | Bar | Coffee house on site | Wine/Champagne | Kids' meals | Special diet meals (on request) | Snack bar,Free WiFi | In all areas,Free private parking,English | Armenian | Russian,Doesn't have,Doesn't have,Doesn't have
gh-family,GH Family Hotel,9.5,Yerevan,Doesn't have,Doesn't have,Doesn't have,Tea/Coffee maker,Free WiFi | In all areas,Free on-site parking,English | Russian,Doesn't have,Doesn't have,Doesn't have
avenue-30,Hotel Avenue 30,9.4,Yerevan,Patio | Outdoor furniture | Garden view | Balcony | Terrace,Doesn't have,Doesn't have,Tea/Coffee maker | Fruit,Free WiFi | In all areas,Doesn't have,German | English | Russian,Doesn't have,Doesn't have,Doesn't have
nord-gate-yerevan,Nord Gate Avenue Hotel,9.2,Yerevan,Doesn't have,Doesn't have,Doesn't have,Tea/Coffee maker | Minibar | Bar | Coffee house on site | Fruit | Wine/Champagne | Kid-friendly buffet | Kids' meals | Special diet meals (on request) | Snack bar | Breakfast in the room,Free WiFi | In all areas,Parking,English | Armenian | Russian,Doesn't have,Doesn't have,Doesn't have
avenue-10,Avenue ApartHotel,9.6,Yerevan,Doesn't have,Doesn't have,Doesn't have,Tea/Coffee maker | Minibar | Room service | Wine/Champagne | Grocery deliveries,Free WiFi | In all areas | 228 Mbps,Private parking,German | English | Armenian | Russian | Swedish,Hot tub,Doesn't have,Spa tub
rooftop,Rooftop Hotel,8.8,Yerevan,Balcony | Garden view,Doesn't have,Doesn't have,Tea/Coffee maker | Minibar | Restaurant | Bar | Coffee house on site | Wine/Champagne | Special diet meals (on request),Free WiFi | In all areas,Parking,English | Armenian | Russian,Doesn't have,Doesn't have,Doesn't have
for-you,Hotel For You,9.4,Yerevan,Balcony | Terrace | Outdoor furniture | Outdoor dining area | Garden view | Terrace | Picnic area,Doesn't have,Doesn't have,Tea/Coffee maker | Minibar | Barbecue | Bar | Fruit | Snack bar | Breakfast in the room,Free WiFi | In all areas,Free on-site parking,English | Russian,Doesn't have,Doesn't have,Doesn't have
bm-avenue,BM Avenue Hotel,9.2,Yerevan,Patio | BBQ facilities,Doesn't have,Doesn't have,Tea/Coffee maker | Minibar | Bar | Coffee house on site | Fruit | Wine/Champagne | Kid-friendly buffet | Kids' meals | Special diet meals (on request) | Snack bar | Breakfast in the room,Free WiFi | In all areas,Parking,English | Armenian | Russian,Doesn't have,Doesn't have,Doesn't have
happy-home-yerevan1,Norekats,8.6,Yerevan,Garden view,Doesn't have,Doesn't have,Tea/Coffee maker | Restaurant | Coffee house on site,Free WiFi | 201 Mbps,Doesn't have,English | Armenian | Russian,Doesn't have,Doesn't have,Doesn't have
hin-yerevantsi,Hin Yerevantsi Hotel,9.8,Yerevan,Outdoor furniture | Outdoor dining area | Garden view | Balcony | Terrace | Picnic area,Doesn't have,Doesn't have,Tea/Coffee maker | Minibar | Fruit | Kid-friendly buffet | Special diet meals (on request) | Breakfast in the room,Free WiFi | In all areas,Free on-site parking,English | French | Armenian | Russian,Doesn't have,Outdoor swimming pool,Doesn't have
the-land-of-ararat,The land of Ararat,9.2,Yerevan,Balcony | Terrace | Garden view | Terrace,Doesn't have,Doesn't have,Tea/Coffee maker | Coffee house on site | Fruit | Kid-friendly buffet | Breakfast in the room,Free WiFi,Free on-site parking,English | French | Armenian | Russian,Doesn't have,Doesn't have,Doesn't have
family,Family Hotel,8.7,Yerevan,Balcony | Patio | Terrace | Garden view | Terrace,Doesn't have,Doesn't have,Tea/Coffee maker | Coffee house on site | Breakfast in the room,Free WiFi,Doesn't have,English | Russian,Doesn't have,Doesn't have,Doesn't have
sweet-home-prime-apart,Sweet Home Prime Apart-Hotel,9.7,Yerevan,Doesn't have,Doesn't have,Doesn't have,Tea/Coffee maker,Free WiFi | In all areas,Doesn't have,Arabic | English | Armenian | Russian,Doesn't have,Doesn't have,Doesn't have
best-room-4,BEST ROOM 4,6.7,Yerevan,Doesn't have,Doesn't have,Doesn't have,Tea/Coffee maker,Doesn't have,Doesn't have,English | Armenian | Russian,Doesn't have,Doesn't have,Doesn't have
sweet-home-exclusive-apart,Sweet Home Exclusive Apart-Hotel,10.0,Yerevan,Balcony,Doesn't have,Doesn't have,Doesn't have,Free WiFi | In all areas,Doesn't have,English | Russian,Doesn't have,Doesn't have,Doesn't have
georgia,Georgia Hotel,8.0,Yerevan,Doesn't have,Doesn't have,Doesn't have,Tea/Coffee maker | Restaurant | Bar | Coffee house on site | Breakfast in the room,Free WiFi,Free on-site parking,Arabic | English | Spanish | Russian,Doesn't have,Doesn't have,Doesn't have
classic-hostel-yerevan,Royal Boutique Hotel on Kievyan,7.3,Yerevan,Garden view | Balcony | Terrace,Doesn't have,Doesn't have,Doesn't have,Free WiFi | In all areas,Free on-site parking,English | Armenian | Russian,Doesn't have,Doesn't have,Doesn't have
verin-apart,Apartment next to UWC Dilijan,9.0,Dilijan,Balcony,Doesn't have,Doesn't have,Tea/Coffee maker,Free WiFi | In all areas,Free on-site parking,English | Russian,Doesn't have,Doesn't have,Doesn't have
norekats-kentron,Norekats Kentron,,Yerevan,Garden view,Doesn't have,Doesn't have,Tea/Coffee maker,Doesn't have,Free on-site parking,English | Russian,Doesn't have,Doesn't have,Doesn't have
vanadzor-armenia-amp-spa-vanadzor1,Vanadzor Armenia Hotel,9.0,Vanadzor,Outdoor furniture | Outdoor dining area | Garden view | Picnic area | BBQ facilities,Doesn't have,Doesn't have,Tea/Coffee maker | Restaurant | Bar | Special diet meals (on request) | Breakfast in the room,Free WiFi | In all areas,Free on-site parking,English | Armenian | Russian,Doesn't have,Indoor swimming pool,Doesn't have
patriott,Patriott Hotel,9.5,Yerevan,Balcony | Garden view | Picnic area | BBQ facilities,Doesn't have,Doesn't have,Tea/Coffee maker | Minibar | Barbecue | Restaurant | Bar | Fruit | Wine/Champagne | Special diet meals (on request),Free WiFi | In all areas,Free on-site parking,English | Russian,Doesn't have,Doesn't have,Doesn't have
green-wood-39,Green Wood 39,,Dilijan,Balcony,Doesn't have,Doesn't have,Doesn't have,Free WiFi | In all areas,Free on-site parking,English | Armenian | Russian,Doesn't have,Doesn't have,Doesn't have
continental-complex-yerevan1,New Continental Hotel,6.8,Yerevan,Balcony,Doesn't have,Doesn't have,Tea/Coffee maker | Restaurant | Restaurant | Fruit | Wine/Champagne | Special diet meals (on request),Free WiFi | In all areas,Free on-site parking,English | Armenian | Russian,Doesn't have,Doesn't have,Doesn't have
family-house-yerevan7,Family house,,Yerevan,Doesn't have,Doesn't have,Doesn't have,Tea/Coffee maker,Free WiFi | In all areas,Free on-site parking,English | Russian,Doesn't have,Doesn't have,Doesn't have
halabyan,Halabyan Hotel,8.4,Yerevan,Doesn't have,Doesn't have,Doesn't have,Tea/Coffee maker,Free WiFi | In all areas,Free on-site parking,English | Russian,Doesn't have,Doesn't have,Doesn't have
eco-yard-inn,Eco Yard Inn,8.9,Yerevan,Balcony | Terrace | Garden view | Terrace,Doesn't have,Doesn't have,Tea/Coffee maker | Barbecue,Free WiFi | In all areas,Free on-site parking,English | Russian,Doesn't have,Doesn't have,Doesn't have
nirvana,Nirvana Resort,5.8,Sevan,Garden view | BBQ facilities,Doesn't have,Doesn't have,Restaurant | Coffee house on site | Fruit | Wine/Champagne | Special diet meals (on request) | Breakfast in the room,Free WiFi | In all areas,Free on-site parking,Russian,Doesn't have,Doesn't have,Doesn't have
